id,rna_id,source,pdb,length,chains,split,median_rmsd,qc_status
rna_00002__7M57_1_AC-PC,rna_00002,7M57_1_kk-TT,7M57,20,AC|PC,train,2.050359116220083,pass
rna_00002__7M57_1_HA-S,rna_00002,7M57_1_h-S,7M57,20,S|HA,train,1.6280791119674378,pass
rna_00002__7M57_1_IA-T,rna_00002,7M57_1_i-T,7M57,20,T|IA,train,2.4971721301137806,pass
rna_00002__7M57_1_NA-Y,rna_00002,7M57_1_n-Y,7M57,20,Y|NA,train,1.4568041797518307,pass
rna_00003__6DTI_1_V-W,rna_00003,6DTI_1_X-W,6DTI,15,V|W,train,2.670285970861272,pass
rna_00007__5WT3_1_B,rna_00007,5WT3_1_C,5WT3,73,B,train,2.3632065939452263,pass
rna_00011__4V8O_1_V,rna_00011,4V8O_1_AV,4V8O,77,V,train,4.279998876813564,pass
rna_00011__4V9I_1_V__repeat01,rna_00011,4V9I_1_AV,4V9I,77,V,train,3.3944455060805607,pass
rna_00011__4V9I_1_BC__repeat02,rna_00011,4V9I_1_CV,4V9I,77,BC,train,3.4879604759654983,pass
rna_00011__5KPS_1_EB,rna_00011,5KPS_1_31,5KPS,77,EB,train,3.472319555037335,pass
rna_00011__5KPW_1_EB,rna_00011,5KPW_1_31,5KPW,77,EB,train,3.2296553840699094,pass
rna_00014__6OGI_1_AB,rna_00014,6OGI_1_5,6OGI,74,AB,train,4.568225852142117,pass
rna_00014__7TOR_1_HC,rna_00014,7TOR_1_PTRN,7TOR,74,HC,train,3.5034888509684516,pass
rna_00015__6UFJ_1_A-D,rna_00015,6UFJ_1_A,6UFJ,100,A|D,train,5.566466290220901,pass
rna_00015__6UFJ_1_A-D-E-F,rna_00015,6UFJ_1_C,6UFJ,114,A|D|E|F,train,5.572748563312053,pass
rna_00016__2F8T_1_A-B,rna_00016,2F8T_1_C-D,2F8T,50,A|B,train,3.3430135482595658,pass
rna_00017__6O7I_1_G-H,rna_00017,6O7I_1_G-H,6O7I,45,G|H,train,18.254007911648078,pass
rna_00019__4GHL_1_A-B__repeat01,rna_00019,4GHL_1_F,4GHL,36,A|B,train,2.0287318042770686,pass
rna_00019__4GHL_1_A-B__repeat02,rna_00019,4GHL_1_E,4GHL,36,A|B,train,2.094271234800118,pass
rna_00026__3JCD_1_EB,rna_00026,3JCD_1_9,3JCD,76,EB,train,4.643589530421052,pass
rna_00026__4V4Y_1_E__repeat01,rna_00026,4V4Y_1_AB,4V4Y,76,E,train,4.002466948312501,pass
rna_00026__4V4Y_1_D__repeat02,rna_00026,4V4Y_1_AD,4V4Y,76,D,train,5.033886078466079,pass
rna_00026__4V4Y_1_C__repeat03,rna_00026,4V4Y_1_AC,4V4Y,76,C,train,4.633446258377534,pass
rna_00026__4V5G_1_V,rna_00026,4V5G_1_AV,4V5G,76,V,train,4.205934250970757,pass
rna_00028__3SIV_1_C-F,rna_00028,3SIV_1_C-F,3SIV,64,C|F,train,3.774281186412647,pass
rna_00028__3SIV_1_I-L,rna_00028,3SIV_1_I-L,3SIV,64,I|L,train,2.440414255205362,pass
rna_00031__4V99_1_RA,rna_00031,4V99_1_A2,4V99,17,RA,train,3.8675352996866317,pass
rna_00031__4V99_1_VA,rna_00031,4V99_1_A7,4V99,17,VA,train,3.3774270331279888,pass
rna_00037__3D0M_1_A,rna_00037,3D0M_1_X,3D0M,16,A,train,8.357118617851267,pass
rna_00039__8DC2_1_B,rna_00039,8DC2_1_B,8DC2,51,B,train,16.050187008649008,pass
rna_00040__7AF3_1_A,rna_00040,7AF3_1_1,7AF3,456,A,train,7.439489327664384,pass
rna_00040__7AF5_1_A,rna_00040,7AF5_1_1,7AF5,456,A,train,6.8654482770862435,pass
rna_00040__7AF8_1_A,rna_00040,7AF8_1_1,7AF8,456,A,train,5.617066304534515,pass
rna_00040__7AFA_1_A,rna_00040,7AFA_1_1,7AFA,456,A,train,5.850178613401879,pass
rna_00040__7AFD_1_A,rna_00040,7AFD_1_1,7AFD,456,A,train,7.918334899476613,pass
rna_00041__7B7D_1_BC,rna_00041,7B7D_1_Sn,7B7D,75,BC,train,4.372472964505597,pass
rna_00041__7B7D_1_CC,rna_00041,7B7D_1_Sm,7B7D,75,CC,train,4.075775549926858,pass
rna_00041__7NRC_1_KA,rna_00041,7NRC_1_Sn,7NRC,75,KA,train,3.8063439599380517,pass
rna_00041__7NRD_1_KA,rna_00041,7NRD_1_Sn,7NRD,75,KA,train,3.3412841299815943,pass
rna_00042__4KR6_1_C,rna_00042,4KR6_1_C,4KR6,39,C,train,3.9922303487690054,pass
rna_00042__4KR6_1_D,rna_00042,4KR6_1_D,4KR6,39,D,train,6.579861227052052,pass
rna_00042__4KR7_1_C,rna_00042,4KR7_1_M,4KR7,39,C,train,3.9595362505071505,pass
rna_00042__4KR9_1_C,rna_00042,4KR9_1_M,4KR9,39,C,train,4.0328896823783325,pass
rna_00042__4KR9_1_D,rna_00042,4KR9_1_X,4KR9,39,D,train,5.521994166768722,pass
rna_00045__1VVJ_1_Z,rna_00045,1VVJ_1_RB,1VVJ,120,Z,train,7.321172947111337,pass
rna_00045__4V4I_1_B,rna_00045,4V4I_1_x,4V4I,120,B,train,7.171440891304565,pass
rna_00045__4V4J_1_B,rna_00045,4V4J_1_x,4V4J,120,B,train,8.281542056133532,pass
rna_00045__5UQ7_1_B,rna_00045,5UQ7_1_B,5UQ7,120,B,train,6.864428873186661,pass
rna_00045__5UQ8_1_B,rna_00045,5UQ8_1_B,5UQ8,120,B,train,4.671071086531836,pass
rna_00048__7ZJW_1_D,rna_00048,7ZJW_1_S,7ZJW,46,D,train,4.023414500353267,pass
rna_00048__7ZJX_1_VA,rna_00048,7ZJX_1_S,7ZJX,46,VA,train,5.184513447447392,pass
rna_00055__5E54_1_A-B,rna_00055,5E54_1_B,5E54,133,A|B,test_struct,5.953787236325381,pass
rna_00055__5SWD_1_A-B,rna_00055,5SWD_1_B,5SWD,133,A|B,test_struct,4.3290302577289905,pass
rna_00059__1TFW_1_E-F,rna_00059,1TFW_1_G-J,1TFW,26,E|F,train,3.5105764933243506,pass
rna_00065__7OKX_1_P,rna_00065,7OKX_1_P,7OKX,13,P,train,7.4623427773881135,pass
rna_00065__7OKY_1_P,rna_00065,7OKY_1_P,7OKY,13,P,train,7.870030294351342,pass
rna_00065__7OL0_1_N,rna_00065,7OL0_1_P,7OL0,13,N,train,4.256964463061629,pass
rna_00068__6RFL_1_K,rna_00068,6RFL_1_U,6RFL,63,K,train,2.4268102540430654,pass
rna_00070__8SA2_1_A__repeat01,rna_00070,8SA2_1_B,8SA2,210,A,test_flex,10.436574469437497,pass
rna_00070__8SA2_1_A__repeat02,rna_00070,8SA2_1_A,8SA2,210,A,test_flex,14.440220757552828,pass
rna_00070__8SA3_1_A__repeat01,rna_00070,8SA3_1_A,8SA3,210,A,test_flex,8.96849867856305,pass
rna_00070__8SA3_1_A__repeat02,rna_00070,8SA3_1_B,8SA3,210,A,test_flex,7.801493589566564,pass
rna_00070__8SA5_1_A,rna_00070,8SA5_1_A,8SA5,210,A,test_flex,7.437729994602873,pass
rna_00071__3CZ3_1_A-B,rna_00071,3CZ3_1_E-F,3CZ3,38,A|B,train,3.042577704472173,pass
rna_00071__3CZ3_1_C-D,rna_00071,3CZ3_1_G-H,3CZ3,38,C|D,train,2.3989715639486566,pass
rna_00073__5T2C_1_A,rna_00073,5T2C_1_B,5T2C,120,A,train,4.79450331289178,pass
rna_00073__6IP5_1_B,rna_00073,6IP5_1_1B,6IP5,120,B,train,8.532040713185918,pass
rna_00073__6IP6_1_B,rna_00073,6IP6_1_1B,6IP6,120,B,train,6.472571271554156,pass
rna_00073__6IP8_1_B,rna_00073,6IP8_1_1B,6IP8,120,B,train,5.412637209252032,pass
rna_00073__7OBR_1_C,rna_00073,7OBR_1_7,7OBR,120,C,train,4.631683250448907,pass
rna_00075__4V6X_1_KA,rna_00075,4V6X_1_BC,4V6X,75,KA,train,3.7472150374304993,pass
rna_00075__5K0Y_1_A,rna_00075,5K0Y_1_N,5K0Y,75,A,train,4.316624108861359,pass
rna_00075__6FEC_1_R,rna_00075,6FEC_1_N,6FEC,75,R,train,4.242989372370804,pass
rna_00075__6YBV_1_C,rna_00075,6YBV_1_w,6YBV,75,C,train,6.10009724498568,pass
rna_00075__7QP7_1_WA,rna_00075,7QP7_1_w,7QP7,75,WA,train,5.667010803435367,pass
rna_00076__8AMK_1_A-B-C-D-M-N,rna_00076,8AMK_1_M-N,8AMK,54,A|B|C|D|M|N,test_flex,4.401501155552358,pass
rna_00076__8AMK_1_A-B-G-H-M-N-S-T,rna_00076,8AMK_1_A-B,8AMK,72,A|B|G|H|M|N|S|T,test_flex,5.963139444940448,pass
rna_00076__8AMK_1_C-D,rna_00076,8AMK_1_C-D,8AMK,18,C|D,test_flex,1.3871916650806586,pass
rna_00076__8AMK_1_C-E-F-X,rna_00076,8AMK_1_E-F,8AMK,36,C|E|F|X,test_flex,18.55137095923267,pass
rna_00077__6Z6G_1_B-C,rna_00077,6Z6G_1_H-X,6Z6G,18,B|C,train,9.12696635184567,pass
rna_00078__4PWD_1_E,rna_00078,4PWD_1_T,4PWD,21,E,val,8.373562802216444,pass
rna_00088__3J6X_1_C,rna_00088,3J6X_1_5S,3J6X,121,C,train,9.121325152072547,pass
rna_00088__3J6Y_1_C,rna_00088,3J6Y_1_5S,3J6Y,121,C,train,7.386400367586238,pass
rna_00088__6FT6_1_YA,rna_00088,6FT6_1_3,6FT6,121,YA,train,6.838383341540986,pass
rna_00088__6M62_1_C,rna_00088,6M62_1_3,6M62,121,C,train,9.606877965529735,pass
rna_00088__8BGU_1_B,rna_00088,8BGU_1_3,8BGU,121,B,train,5.697218834055878,pass
rna_00097__1EC6_1_A,rna_00097,1EC6_1_C,1EC6,20,A,train,2.6181210352922415,pass
rna_00097__1EC6_1_B,rna_00097,1EC6_1_D,1EC6,20,B,train,3.4310859251484023,pass
rna_00098__4Z0C_1_C,rna_00098,4Z0C_1_B,4Z0C,13,C,train,3.597271815761436,pass
rna_00098__4Z0C_1_D,rna_00098,4Z0C_1_C,4Z0C,13,D,train,4.377053399456361,pass
rna_00099__4V5G_1_LA,rna_00099,4V5G_1_BB,4V5G,119,LA,train,5.63317094333607,pass
rna_00099__4V5M_1_JA,rna_00099,4V5M_1_BB,4V5M,119,JA,train,6.3545675326019975,pass
rna_00099__4V5N_1_JA,rna_00099,4V5N_1_BB,4V5N,119,JA,train,9.563582184240799,pass
rna_00099__4V5P_1_LA,rna_00099,4V5P_1_BB,4V5P,119,LA,train,6.919403532548867,pass
rna_00100__2ZH8_1_A,rna_00100,2ZH8_1_B,2ZH8,34,A,train,2.8777526079160327,pass
rna_00104__6KUJ_1_D-E,rna_00104,6KUJ_1_V-R,6KUJ,23,D|E,train,7.9904871541935085,pass
rna_00105__3J9Z_1_Z,rna_00105,3J9Z_1_LB,3J9Z,120,Z,train,6.661025364854719,pass
rna_00105__6X6T_1_TA,rna_00105,6X6T_1_d,6X6T,120,TA,train,9.018980809604225,pass
rna_00105__6XGF_1_SA,rna_00105,6XGF_1_d,6XGF,120,SA,train,5.345564553843606,pass
rna_00105__6XII_1_SA,rna_00105,6XII_1_d,6XII,120,SA,train,6.000571438643811,pass
rna_00105__6XIJ_1_RA,rna_00105,6XIJ_1_d,6XIJ,120,RA,train,8.22875856683071,pass
rna_00106__1L3D_1_A,rna_00106,1L3D_1_A,1L3D,27,A,test_struct,1.6263489689157553,pass
rna_00107__6I7O_1_EF,rna_00107,6I7O_1_nb,6I7O,76,EF,train,4.194934035402261,pass
rna_00107__6SV4_1_DF,rna_00107,6SV4_1_nb,6SV4,76,DF,train,5.040085927788196,pass
rna_00107__6ZVI_1_A,rna_00107,6ZVI_1_d,6ZVI,76,A,train,4.338696563844742,pass
rna_00107__7ZUX_1_E,rna_00107,7ZUX_1_6,7ZUX,76,E,train,4.819659867125575,pass
rna_00111__4WC4_1_B,rna_00111,4WC4_1_B,4WC4,74,B,train,4.059681453744612,pass
rna_00111__4WC5_1_B,rna_00111,4WC5_1_B,4WC5,74,B,train,3.2245609438667233,pass
rna_00113__7D2L_1_B,rna_00113,7D2L_1_B,7D2L,43,B,train,17.774439865272115,pass
rna_00113__7D3J_1_B,rna_00113,7D3J_1_B,7D3J,43,B,train,15.945229697197119,pass
rna_00113__7EU9_1_B,rna_00113,7EU9_1_B,7EU9,43,B,train,14.063474305384965,pass
rna_00114__2GIC_1_A,rna_00114,2GIC_1_R,2GIC,45,A,train,24.259008866825845,pass
rna_00114__3HHZ_1_K,rna_00114,3HHZ_1_R,3HHZ,45,K,train,17.959862930285535,pass
rna_00114__3PU4_1_F,rna_00114,3PU4_1_R,3PU4,45,F,train,15.70063165398232,pass
rna_00114__5UK4_1_OA,rna_00114,5UK4_1_u,5UK4,45,OA,train,22.67142550923974,pass
rna_00114__5UKB_1_K,rna_00114,5UKB_1_R,5UKB,45,K,train,18.36173283619196,pass
rna_00118__7RDZ_1_G-H,rna_00118,7RDZ_1_T-P,7RDZ,71,G|H,train,4.477249167522227,pass
rna_00118__7RE1_1_G-H,rna_00118,7RE1_1_T-P,7RE1,71,G|H,train,3.1068748600614193,pass
rna_00118__7RE2_1_F-G,rna_00118,7RE2_1_T-P,7RE2,71,F|G,train,3.687947150248716,pass
rna_00118__7RE3_1_H-I,rna_00118,7RE3_1_T-P,7RE3,71,H|I,train,4.173007408985689,pass
rna_00118__7RE3_1_O-P,rna_00118,7RE3_1_U-Q,7RE3,71,O|P,train,4.3659229596022096,pass
rna_00121__7ELP_1_A,rna_00121,7ELP_1_A,7ELP,45,A,train,2.8064875776627307,pass
rna_00121__7ELP_1_B,rna_00121,7ELP_1_B,7ELP,45,B,train,5.182244647693003,pass
rna_00121__7ELR_1_A,rna_00121,7ELR_1_A,7ELR,45,A,train,2.3221821450180657,pass
rna_00122__7Z1O_1_R,rna_00122,7Z1O_1_R,7Z1O,11,R,train,5.690873718131755,pass
rna_00123__7XPL_1_E-F-G-H,rna_00123,7XPL_1_G-H-I-J,7XPL,72,E|F|G|H,train,7.212723431214236,pass
rna_00127__2B2G_1_B,rna_00127,2B2G_1_S,2B2G,15,B,train,2.032274897858183,pass
rna_00127__2BNY_1_D,rna_00127,2BNY_1_R,2BNY,15,D,train,2.0182337548020683,pass
rna_00133__1FFK_1_B,rna_00133,1FFK_1_9,1FFK,122,B,train,5.65603719131543,pass
rna_00133__1JJ2_1_B,rna_00133,1JJ2_1_9,1JJ2,122,B,train,5.4289599980609236,pass
rna_00133__1K73_1_B,rna_00133,1K73_1_B,1K73,122,B,train,5.221147792573538,pass
rna_00133__1K8A_1_B,rna_00133,1K8A_1_B,1K8A,122,B,train,5.865761706337654,pass
rna_00133__1K9M_1_B,rna_00133,1K9M_1_B,1K9M,122,B,train,5.881746391342884,pass
rna_00137__4P3U_1_A-B,rna_00137,4P3U_1_B-A,4P3U,43,A|B,train,2.943957507616091,pass
rna_00141__4D5Y_1_TA,rna_00141,4D5Y_1_4,4D5Y,119,TA,train,8.619308976329343,pass
rna_00141__4D67_1_TA,rna_00141,4D67_1_4,4D67,119,TA,train,10.240741322739252,pass
rna_00141__4UJE_1_EC,rna_00141,4UJE_1_A4,4UJE,119,EC,train,8.807494161274485,pass
rna_00141__6D90_1_TA,rna_00141,6D90_1_7,6D90,119,TA,train,5.21842784233117,pass
rna_00141__6SWA_1_SA,rna_00141,6SWA_1_s,6SWA,119,SA,train,5.163532171660359,pass
rna_00142__4V65_1_Z,rna_00142,4V65_1_BA,4V65,117,Z,train,8.07645627941379,pass
rna_00142__4V66_1_Z,rna_00142,4V66_1_BA,4V66,117,Z,train,6.680698305909994,pass
rna_00142__4V69_1_FB,rna_00142,4V69_1_BA,4V69,117,FB,train,7.246163973387571,pass
rna_00142__4V6Y_1_CB,rna_00142,4V6Y_1_BB,4V6Y,117,CB,train,7.745223870682968,pass
rna_00142__4V6Z_1_CB,rna_00142,4V6Z_1_BB,4V6Z,117,CB,train,5.947661281696453,pass
rna_00144__6KL9_1_D,rna_00144,6KL9_1_G,6KL9,25,D,train,3.3979047784221437,pass
rna_00156__6KYV_1_A,rna_00156,6KYV_1_A,6KYV,22,A,train,1.5362909421406579,pass
rna_00156__6KYV_1_C,rna_00156,6KYV_1_C,6KYV,22,C,train,1.5733939823035312,pass
rna_00156__6KYV_1_E,rna_00156,6KYV_1_E,6KYV,22,E,train,1.4985821397550947,pass
rna_00156__6L0Y_1_A,rna_00156,6L0Y_1_A,6L0Y,22,A,train,14.336593027123302,pass
rna_00156__6L0Y_1_B,rna_00156,6L0Y_1_B,6L0Y,22,B,train,12.27469678658828,pass
rna_00161__5FJ1_1_A-B,rna_00161,5FJ1_1_A,5FJ1,48,A|B,val,2.585520799314322,pass
rna_00161__5FJ1_1_A-B-C,rna_00161,5FJ1_1_B,5FJ1,72,A|B|C,val,2.951267542310307,pass
rna_00161__5FJ1_1_A-E,rna_00161,5FJ1_1_E,5FJ1,48,A|E,val,3.490019777986072,pass
rna_00161__5FJ1_1_C,rna_00161,5FJ1_1_C,5FJ1,24,C,val,1.7210596464351704,pass
rna_00161__5FJ1_1_D,rna_00161,5FJ1_1_D,5FJ1,24,D,val,1.2301387085051787,pass
rna_00162__6UQ1_1_A,rna_00162,6UQ1_1_R,6UQ1,11,A,train,5.715942107737798,pass
rna_00164__7QR3_1_C-D,rna_00164,7QR3_1_D,7QR3,138,C|D,test_flex,6.614404828701771,pass
rna_00169__1X9C_1_A-B-C-D,rna_00169,1X9C_1_D-C-A-B,1X9C,61,A|B|C|D,test_struct,2.6322322662632316,pass
rna_00169__2OUE_1_A-B-C-D,rna_00169,2OUE_1_D-C-A-B,2OUE,61,A|B|C|D,test_struct,2.587974311823736,pass
rna_00170__1GTR_1_A,rna_00170,1GTR_1_B,1GTR,74,A,train,5.321268768703126,pass
rna_00170__1GTS_1_A,rna_00170,1GTS_1_B,1GTS,74,A,train,3.103488257552955,pass
rna_00170__1O0B_1_A,rna_00170,1O0B_1_B,1O0B,74,A,train,4.29490752414284,pass
rna_00170__1O0C_1_A,rna_00170,1O0C_1_B,1O0C,74,A,train,4.462133003940747,pass
rna_00170__1QRS_1_A,rna_00170,1QRS_1_B,1QRS,74,A,train,4.781204287967472,pass
rna_00171__2VAL_1_A-C,rna_00171,2VAL_1_A-C,2VAL,14,A|C,train,1.0198531420704093,pass
rna_00171__2VAL_1_B-D,rna_00171,2VAL_1_B-D,2VAL,14,B|D,train,1.0704233960585408,pass
rna_00172__1J7T_1_A-B,rna_00172,1J7T_1_A-B,1J7T,42,A|B,train,3.519101788933499,pass
rna_00172__1LC4_1_A-B,rna_00172,1LC4_1_A-B,1LC4,42,A|B,train,3.3761862282262074,pass
rna_00172__1MWL_1_A-B,rna_00172,1MWL_1_A-B,1MWL,42,A|B,train,4.746319870009367,pass
rna_00172__1O9M_1_A-B,rna_00172,1O9M_1_A-B,1O9M,42,A|B,train,3.256314454278772,pass
rna_00172__2BE0_1_A-B,rna_00172,2BE0_1_A-B,2BE0,42,A|B,train,3.5704939418584267,pass
rna_00174__4V4P_1_KA,rna_00174,4V4P_1_BC,4V4P,76,KA,train,4.870071394149403,pass
rna_00174__4V69_1_V,rna_00174,4V69_1_AY,4V69,76,V,train,3.27944521768807,pass
rna_00174__6GQ1_1_CC,rna_00174,6GQ1_1_AX,6GQ1,76,CC,train,4.7703660325086235,pass
rna_00174__6GQB_1_CC,rna_00174,6GQB_1_AX,6GQB,76,CC,train,3.7049770540471765,pass
rna_00174__6GQV_1_DC,rna_00174,6GQV_1_AY,6GQV,76,DC,train,5.634562893601416,pass
rna_00178__4P97_1_A-B,rna_00178,4P97_1_A-B,4P97,27,A|B,train,2.626550519366362,pass
rna_00178__4P97_1_C-D,rna_00178,4P97_1_C-D,4P97,27,C|D,train,3.621883590376559,pass
rna_00180__5XWP_1_B-C,rna_00180,5XWP_1_C,5XWP,88,B|C,train,10.827319798872194,pass
rna_00180__5XWP_1_D-E,rna_00180,5XWP_1_E,5XWP,87,D|E,train,13.846474006379953,pass
rna_00183__3J46_1_E,rna_00183,3J46_1_p,3J46,76,E,train,4.915158877598546,pass
rna_00183__7F36_1_C,rna_00183,7F36_1_F,7F36,76,C,train,3.462141105241113,pass
rna_00183__7F36_1_F,rna_00183,7F36_1_G,7F36,76,F,train,3.6059318364784962,pass
rna_00183__7ZQ6_1_EA,rna_00183,7ZQ6_1_M,7ZQ6,76,EA,train,2.9869145064351397,pass
rna_00184__6PC5_1_B,rna_00184,6PC5_1_J,6PC5,118,B,train,7.545224892171795,pass
rna_00184__6PC6_1_B,rna_00184,6PC6_1_J,6PC6,118,B,train,5.069177561527606,pass
rna_00184__6PC7_1_B,rna_00184,6PC7_1_J,6PC7,118,B,train,5.081298364584194,pass
rna_00184__6PC8_1_B,rna_00184,6PC8_1_J,6PC8,118,B,train,5.414451827012771,pass
rna_00184__6PCH_1_B,rna_00184,6PCH_1_J,6PCH,118,B,train,5.482171040379716,pass
rna_00185__2PN3_1_A-B,rna_00185,2PN3_1_A-B,2PN3,44,A|B,train,2.4725327402022823,pass
rna_00186__3TD1_1_A-B,rna_00186,3TD1_1_B-A,3TD1,45,A|B,train,3.406937170425122,pass
rna_00187__5BTM_1_A,rna_00187,5BTM_1_A,5BTM,43,A,train,2.7554202864385346,pass
rna_00187__5BTM_1_A-B,rna_00187,5BTM_1_B,5BTM,86,A|B,train,7.023909525803874,pass
rna_00189__4V6G_1_YB__repeat01,rna_00189,4V6G_1_CD,4V6G,77,YB,train,4.187046767893608,pass
rna_00189__4V6G_1_XB__repeat02,rna_00189,4V6G_1_CC,4V6G,77,XB,train,4.486007806729616,pass
rna_00189__4V6G_1_V,rna_00189,4V6G_1_AC,4V6G,77,V,train,3.792678259079786,pass
rna_00189__4V6G_1_W,rna_00189,4V6G_1_AD,4V6G,77,W,train,3.7321648306658757,pass
rna_00189__4V87_1_AB,rna_00189,4V87_1_BC,4V87,77,AB,train,4.554402012495897,pass
rna_00190__3R1C_1_A-B-E-EA-F-FA-G-H,rna_00190,3R1C_1_G-H,3R1C,64,A|B|E|F|G|H|EA|FA,train,3.8463477839675515,pass
rna_00190__3R1C_1_A-B-G-H,rna_00190,3R1C_1_A-B,3R1C,32,A|B|G|H,train,1.9909528687224691,pass
rna_00190__3R1C_1_C-D,rna_00190,3R1C_1_C-D,3R1C,16,C|D,train,1.283014439380892,pass
rna_00190__3R1C_1_E-F-G-H,rna_00190,3R1C_1_E-F,3R1C,32,E|F|G|H,train,1.3942298055064113,pass
rna_00190__3R1C_1_I-J,rna_00190,3R1C_1_I-J,3R1C,16,I|J,train,1.0655279440435843,pass
rna_00193__2W89_1_A-B-C-D,rna_00193,2W89_1_A-B,2W89,28,A|B|C|D,train,5.336030070677054,pass
rna_00193__2W89_1_C-D,rna_00193,2W89_1_C-D,2W89,14,C|D,train,1.2271563494201858,pass
rna_00201__4TZP_1_C,rna_00201,4TZP_1_C,4TZP,102,C,train,7.55318233690576,pass
rna_00201__4TZP_1_F,rna_00201,4TZP_1_F,4TZP,102,F,train,5.339775687156593,pass
rna_00201__4TZV_1_C,rna_00201,4TZV_1_C,4TZV,102,C,train,4.621560613477916,pass
rna_00201__4TZZ_1_C,rna_00201,4TZZ_1_C,4TZZ,102,C,train,4.495225808432975,pass
rna_00201__4TZZ_1_F,rna_00201,4TZZ_1_F,4TZZ,102,F,train,4.9071535986235935,pass
rna_00202__7POF_1_A,rna_00202,7POF_1_A,7POF,14,A,train,2.2398280744386665,pass
rna_00204__6ZU5_1_B,rna_00204,6ZU5_1_L70,6ZU5,119,B,train,6.252648325870756,pass
rna_00205__4V9J_1_V,rna_00205,4V9J_1_AW,4V9J,77,V,train,3.5121565374143056,pass
rna_00205__4V9L_1_DC,rna_00205,4V9L_1_CW,4V9L,77,DC,train,3.2541424580589697,pass
rna_00205__4V9L_1_U,rna_00205,4V9L_1_AW,4V9L,77,U,train,3.3151442725404205,pass
rna_00205__4V9M_1_CC,rna_00205,4V9M_1_CW,4V9M,77,CC,train,3.994115670024315,pass
rna_00205__4V9M_1_U,rna_00205,4V9M_1_AW,4V9M,77,U,train,4.349844911007881,pass
rna_00206__1YKV_1_A-B-D,rna_00206,1YKV_1_B,1YKV,87,A|B|D,train,3.7932865778160973,pass
rna_00206__1YKV_1_B-C-D,rna_00206,1YKV_1_D,1YKV,87,B|C|D,train,9.798624231507844,pass
rna_00208__3JCN_1_G,rna_00208,3JCN_1_B,3JCN,119,G,train,7.08206368765879,pass
rna_00208__4V6T_1_DB,rna_00208,4V6T_1_BB,4V6T,119,DB,train,6.874673622188027,pass
rna_00208__4V7C_1_AA,rna_00208,4V7C_1_BB,4V7C,119,AA,train,7.548039466950336,pass
rna_00208__4V7D_1_B,rna_00208,4V7D_1_AB,4V7D,119,B,train,4.802758053367455,pass
rna_00208__6GBZ_1_BA,rna_00208,6GBZ_1_B,6GBZ,119,BA,train,5.896412333980274,pass
rna_00212__7PY0_1_C,rna_00212,7PY0_1_R,7PY0,11,C,train,5.482360375219156,pass
rna_00212__7PY1_1_C,rna_00212,7PY1_1_R,7PY1,11,C,train,5.615771388836193,pass
rna_00212__7PY3_1_I,rna_00212,7PY3_1_R,7PY3,11,I,train,4.027372001029435,pass
rna_00212__7PY5_1_C,rna_00212,7PY5_1_R,7PY5,11,C,train,5.577177317376132,pass
rna_00212__7PY6_1_C,rna_00212,7PY6_1_R,7PY6,11,C,train,4.24966567860829,pass
rna_00213__8G6W_1_CA,rna_00213,8G6W_1_Z,8G6W,75,CA,train,2.909780225206728,pass
rna_00213__8G6X_1_GA,rna_00213,8G6X_1_Z,8G6X,75,GA,train,4.659339604155504,pass
rna_00213__8G6Y_1_H,rna_00213,8G6Y_1_Z,8G6Y,75,H,train,2.9330784629417463,pass
rna_00215__5F98_1_B,rna_00215,5F98_1_B,5F98,24,B,train,1.6109019790146393,pass
rna_00215__5F98_1_D,rna_00215,5F98_1_D,5F98,24,D,train,1.2949633090434693,pass
rna_00215__5F9F_1_F,rna_00215,5F9F_1_F,5F9F,24,F,train,1.453741894954782,pass
rna_00215__5F9F_1_J,rna_00215,5F9F_1_J,5F9F,24,J,train,1.5268846391204134,pass
rna_00215__5F9F_1_L,rna_00215,5F9F_1_L,5F9F,24,L,train,2.4188250463779033,pass
rna_00216__5X2G_1_B,rna_00216,5X2G_1_B,5X2G,93,B,train,17.149615630977337,pass
rna_00216__5X2H_1_B,rna_00216,5X2H_1_B,5X2H,93,B,train,22.734912758181885,pass
rna_00219__4FEO_1_A,rna_00219,4FEO_1_B,4FEO,67,A,test_struct,3.1516721468633047,pass
rna_00220__6AR1_1_C,rna_00220,6AR1_1_C,6AR1,14,C,train,4.916775215052118,pass
rna_00220__6AR1_1_F,rna_00220,6AR1_1_F,6AR1,14,F,train,6.8867218376541866,pass
rna_00220__6AR3_1_C,rna_00220,6AR3_1_C,6AR3,14,C,train,4.82331144719018,pass
rna_00220__6AR3_1_F,rna_00220,6AR3_1_F,6AR3,14,F,train,7.687604210185018,pass
rna_00221__1NLC_1_A-B,rna_00221,1NLC_1_B-A,1NLC,46,A|B,guard,4.032903680366284,pass
rna_00221__1O3Z_1_A-B,rna_00221,1O3Z_1_B-A,1O3Z,46,A|B,guard,2.906847912376311,pass
rna_00221__1WVD_1_A-B,rna_00221,1WVD_1_B-A,1WVD,46,A|B,guard,3.6309235074017763,pass
rna_00221__1XPF_1_A-B,rna_00221,1XPF_1_A-B,1XPF,46,A|B,guard,3.109892842385381,pass
rna_00221__462D_1_A-B,rna_00221,462D_1_B-A,462D,46,A|B,guard,1.9770578924514448,pass
rna_00222__5CKI_1_A,rna_00222,5CKI_1_D,5CKI,15,A,train,11.376180983631013,pass
rna_00222__5CKK_1_B,rna_00222,5CKK_1_D,5CKK,15,B,train,7.025871002269931,pass
rna_00224__3HJW_1_D,rna_00224,3HJW_1_D,3HJW,58,D,train,5.853470059791076,pass
rna_00224__3LWO_1_D,rna_00224,3LWO_1_D,3LWO,58,D,train,7.048039646814805,pass
rna_00224__3LWP_1_D,rna_00224,3LWP_1_D,3LWP,58,D,train,6.210316311592015,pass
rna_00224__3LWQ_1_D,rna_00224,3LWQ_1_D,3LWQ,58,D,train,7.839001919627937,pass
rna_00224__3LWR_1_D,rna_00224,3LWR_1_D,3LWR,58,D,train,6.029372235141302,pass
rna_00226__1YXP_1_A-B,rna_00226,1YXP_1_A-B,1YXP,46,A|B,guard,3.032141226411149,pass
rna_00234__7NHA_1_D-E,rna_00234,7NHA_1_D-E,7NHA,23,D|E,train,5.016142923200358,pass
rna_00234__7NHC_1_D-E,rna_00234,7NHC_1_D-E,7NHC,23,D|E,train,8.613841652442886,pass
rna_00234__7NHX_1_D-E,rna_00234,7NHX_1_F-E,7NHX,23,D|E,train,9.38789938347251,pass
rna_00234__7NI0_1_D-E,rna_00234,7NI0_1_D-E,7NI0,23,D|E,train,6.144488705472898,pass
rna_00234__7NIK_1_D-E,rna_00234,7NIK_1_D-E,7NIK,23,D|E,train,5.180715565617126,pass
rna_00236__6VRD_1_B,rna_00236,6VRD_1_B,6VRD,20,B,train,10.031650037435021,pass
rna_00238__7CTT_1_E-F,rna_00238,7CTT_1_T-Q,7CTT,34,E|F,train,2.0330718655841657,pass
rna_00239__6U8D_1_A,rna_00239,6U8D_1_A,6U8D,68,A,val,3.0975677536640864,pass
rna_00239__6U8K_1_A,rna_00239,6U8K_1_A,6U8K,68,A,val,3.2441953821768967,pass
rna_00239__6U8K_1_B,rna_00239,6U8K_1_B,6U8K,68,B,val,2.6416530332386534,pass
rna_00239__6U8K_1_C,rna_00239,6U8K_1_C,6U8K,68,C,val,3.4446118749308585,pass
rna_00244__4MCE_1_A-B,rna_00244,4MCE_1_B-A,4MCE,20,A|B,train,2.166738580076995,pass
rna_00244__4MCF_1_E-F,rna_00244,4MCF_1_E-F,4MCF,20,E|F,train,2.077966913426838,pass
rna_00244__4MCF_1_G-H,rna_00244,4MCF_1_H-G,4MCF,20,G|H,train,1.7589165303209044,pass
rna_00245__7EFH_1_A,rna_00245,7EFH_1_A,7EFH,19,A,val,7.7722610761701585,pass
rna_00245__7M3V_1_A,rna_00245,7M3V_1_A,7M3V,27,A,test_struct,2.2683478786534605,pass
rna_00247__8B2L_1_KA,rna_00247,8B2L_1_W2,8B2L,76,KA,train,4.285943589209024,pass
rna_00248__3ADB_1_C,rna_00248,3ADB_1_C,3ADB,92,C,train,4.454819599770464,pass
rna_00248__3ADB_1_D,rna_00248,3ADB_1_D,3ADB,92,D,train,4.711555494411346,pass
rna_00248__3ADC_1_D,rna_00248,3ADC_1_D,3ADC,92,D,train,4.398777200304969,pass
rna_00249__3O3I_1_B,rna_00249,3O3I_1_A,3O3I,14,B,train,7.125595672099925,pass
rna_00250__6AH3_1_L,rna_00250,6AH3_1_T,6AH3,80,L,train,5.03479626881345,pass
rna_00252__7PMQ_1_E,rna_00252,7PMQ_1_E,7PMQ,42,E,val,4.120441259034887,pass
rna_00252__7PMQ_1_F,rna_00252,7PMQ_1_F,7PMQ,42,F,val,3.5284849388241737,pass
rna_00252__7PMQ_1_G,rna_00252,7PMQ_1_G,7PMQ,42,G,val,8.295433300341221,pass
rna_00252__7PMQ_1_H,rna_00252,7PMQ_1_H,7PMQ,42,H,val,3.807932734832254,pass
rna_00254__6GZ3_1_B,rna_00254,6GZ3_1_Bv,6GZ3,76,B,train,3.901095848705284,pass
rna_00254__6GZ4_1_H,rna_00254,6GZ4_1_Bv,6GZ4,76,H,train,3.1095587144720325,pass
rna_00254__6GZ5_1_B,rna_00254,6GZ5_1_Bv,6GZ5,76,B,train,4.1674111185712155,pass
rna_00257__5MSF_1_B,rna_00257,5MSF_1_S,5MSF,16,B,train,3.055403623217265,pass
rna_00261__6O0X_1_B,rna_00261,6O0X_1_B,6O0X,98,B,train,16.786583051992547,pass
rna_00261__6O0Y_1_B,rna_00261,6O0Y_1_B,6O0Y,98,B,train,16.403136902211234,pass
rna_00263__3FO6_1_A,rna_00263,3FO6_1_A,3FO6,67,A,test_struct,2.2296882611194615,pass
rna_00263__3G4M_1_A,rna_00263,3G4M_1_A,3G4M,67,A,test_struct,2.930972604417217,pass
rna_00263__3GER_1_A,rna_00263,3GER_1_A,3GER,67,A,test_struct,3.848948235765412,pass
rna_00263__4FE5_1_A,rna_00263,4FE5_1_B,4FE5,67,A,test_struct,2.831702625619799,pass
rna_00263__5C7U_1_A,rna_00263,5C7U_1_B,5C7U,67,A,test_struct,3.0609593023665287,pass
rna_00265__8FCJ_1_M,rna_00265,8FCJ_1_M,8FCJ,63,M,train,21.789416832728126,pass
rna_00265__8FD2_1_M,rna_00265,8FD2_1_M,8FD2,63,M,train,19.64878792108682,pass
rna_00265__8FD3_1_M,rna_00265,8FD3_1_M,8FD3,63,M,train,20.077836305497954,pass
rna_00273__5LM7_1_J,rna_00273,5LM7_1_G,5LM7,27,J,train,11.90771054915102,pass
rna_00276__7CYQ_1_E-F,rna_00276,7CYQ_1_J-I,7CYQ,52,E|F,train,4.334630086734942,pass
rna_00276__8GWF_1_E-F,rna_00276,8GWF_1_J-I,8GWF,52,E|F,train,3.599844414987007,pass
rna_00276__8GWI_1_E-F,rna_00276,8GWI_1_J-I,8GWI,52,E|F,train,3.3785360104016804,pass
rna_00276__8GWN_1_E-F,rna_00276,8GWN_1_J-I,8GWN,52,E|F,train,2.995892780038493,pass
rna_00276__8GWO_1_E-F,rna_00276,8GWO_1_J-I,8GWO,52,E|F,guard,3.32808638410899,pass
rna_00281__3JBN_1_B,rna_00281,3JBN_1_7,3JBN,76,B,train,3.396391534553377,pass
rna_00281__4V4X_1_B,rna_00281,4V4X_1_AC,4V4X,76,B,train,4.815374775191151,pass
rna_00281__4V4Z_1_B,rna_00281,4V4Z_1_AC,4V4Z,76,B,train,3.380180177589295,pass
rna_00281__6VU3_1_J,rna_00281,6VU3_1_A,6VU3,76,J,train,4.100534557799608,pass
rna_00281__6VU3_1_P,rna_00281,6VU3_1_B,6VU3,76,P,train,3.7704168954793236,pass
rna_00283__5ML7_1_A,rna_00283,5ML7_1_A,5ML7,95,A,train,3.716980056270766,pass
rna_00283__5ML7_1_B,rna_00283,5ML7_1_B,5ML7,95,B,train,3.016714091610141,pass
rna_00284__5V7Q_1_H,rna_00284,5V7Q_1_B,5V7Q,115,H,train,7.739204929338546,pass
rna_00284__5V93_1_H,rna_00284,5V93_1_B,5V93,115,H,train,6.828230571355062,pass
rna_00284__7F0D_1_H,rna_00284,7F0D_1_B,7F0D,115,H,train,5.001144605993759,pass
rna_00284__7KGB_1_H,rna_00284,7KGB_1_B,7KGB,115,H,train,5.159049042995561,pass
rna_00284__7MSH_1_J,rna_00284,7MSH_1_B,7MSH,115,J,train,5.377322846801532,pass
rna_00286__3HK2_1_E,rna_00286,3HK2_1_F,3HK2,15,E,train,9.498794534340284,pass
rna_00286__3HK2_1_F,rna_00286,3HK2_1_D,3HK2,15,F,train,5.67076631574754,pass
rna_00290__7ECO_1_A-B,rna_00290,7ECO_1_E-F,7ECO,24,A|B,train,1.8873943539491036,pass
rna_00290__7ECO_1_C-D,rna_00290,7ECO_1_A-B,7ECO,24,C|D,train,1.391840498397831,pass
rna_00290__7ECO_1_E-F,rna_00290,7ECO_1_C-D,7ECO,24,E|F,train,1.931692664250015,pass
rna_00293__3WBM_1_E-F,rna_00293,3WBM_1_X-Y,3WBM,50,E|F,train,3.8332236634942713,pass
rna_00294__3J9W_1_HA,rna_00294,3J9W_1_BB,3J9W,112,HA,train,8.087536905530843,pass
rna_00294__5NJT_1_V,rna_00294,5NJT_1_V,5NJT,112,V,train,8.218155124520488,pass
rna_00294__6HA1_1_B,rna_00294,6HA1_1_B,6HA1,112,B,train,6.8103669113103855,pass
rna_00294__6HA8_1_B,rna_00294,6HA8_1_B,6HA8,112,B,train,5.376097217904294,pass
rna_00294__6HTQ_1_B,rna_00294,6HTQ_1_B,6HTQ,112,B,train,4.650022376126456,pass
rna_00297__6WRU_1_AA,rna_00297,6WRU_1_2,6WRU,112,AA,train,6.850420484193052,pass
rna_00299__6IP5_1_EC__repeat01,rna_00299,6IP5_1_zy,6IP5,75,EC,train,3.9246773204154866,pass
rna_00299__6IP5_1_FC__repeat02,rna_00299,6IP5_1_zu,6IP5,75,FC,train,5.18107618782738,pass
rna_00299__6IP6_1_DC,rna_00299,6IP6_1_zy,6IP6,75,DC,train,3.0003560037980685,pass
rna_00299__6IP8_1_EC,rna_00299,6IP8_1_zy,6IP8,75,EC,train,4.137915429702596,pass
rna_00302__2ZH4_1_A,rna_00302,2ZH4_1_B,2ZH4,34,A,train,2.171804335940723,pass
rna_00303__5V3I_1_A,rna_00303,5V3I_1_A,5V3I,186,A,test_flex,9.363771186565168,pass
rna_00307__5C5W_1_A,rna_00307,5C5W_1_A,5C5W,19,A,train,9.46250503511676,pass
rna_00308__2ZJP_1_EA,rna_00308,2ZJP_1_Z,2ZJP,122,EA,train,8.907427355399747,pass
rna_00308__2ZJQ_1_B,rna_00308,2ZJQ_1_Y,2ZJQ,122,B,train,8.246977405450647,pass
rna_00308__2ZJR_1_B,rna_00308,2ZJR_1_Y,2ZJR,122,B,train,8.444044520622088,pass
rna_00308__3CF5_1_EA,rna_00308,3CF5_1_Z,3CF5,122,EA,train,9.31638695222515,pass
rna_00308__3DLL_1_B,rna_00308,3DLL_1_Z,3DLL,122,B,train,6.383424264653811,pass
rna_00310__3GX2_1_A,rna_00310,3GX2_1_A,3GX2,94,A,train,3.127864762830575,pass
rna_00310__3GX5_1_A,rna_00310,3GX5_1_A,3GX5,94,A,train,2.918091759493721,pass
rna_00311__1JBR_1_C,rna_00311,1JBR_1_D,1JBR,31,C,guard,1.7313297218105121,pass
rna_00312__8HF1_1_E-H,rna_00312,8HF1_1_H-E,8HF1,20,E|H,train,2.186812056910213,pass
rna_00312__8HF1_1_J-K,rna_00312,8HF1_1_K-J,8HF1,20,J|K,train,1.2801192137865842,pass
rna_00312__8HF1_1_L-M,rna_00312,8HF1_1_M-L,8HF1,20,L|M,train,1.750507867408258,pass
rna_00313__8I87_1_J,rna_00313,8I87_1_H,8I87,18,J,train,9.658045792463101,pass
rna_00313__8I87_1_K,rna_00313,8I87_1_I,8I87,18,K,train,8.980154207329035,pass
rna_00313__8I87_1_N,rna_00313,8I87_1_L,8I87,18,N,train,7.666843817141754,pass
rna_00313__8I87_1_O,rna_00313,8I87_1_S,8I87,18,O,train,11.109128480722875,pass
rna_00316__4V51_1_ZB,rna_00316,4V51_1_CV,4V51,77,ZB,train,2.8465986125236715,pass
rna_00316__4V51_1_V,rna_00316,4V51_1_AV,4V51,77,V,train,3.06538429298897,pass
rna_00316__4V5A_1_AC,rna_00316,4V5A_1_CW,4V5A,77,AC,train,3.1997149748157274,pass
rna_00316__4V5A_1_W,rna_00316,4V5A_1_AW,4V5A,77,W,train,4.021406777390771,pass
rna_00316__4V69_1_Z,rna_00316,4V69_1_AV,4V69,77,Z,train,3.3841206855208252,pass
rna_00317__2Q1R_1_A,rna_00317,2Q1R_1_A,2Q1R,12,A,train,5.617027319696245,pass
rna_00318__4V7L_1_EC,rna_00318,4V7L_1_CY,4V7L,75,EC,train,3.546860720268175,pass
rna_00318__4V7L_1_Y,rna_00318,4V7L_1_AY,4V7L,75,Y,train,3.640054730426496,pass
rna_00318__4V7M_1_EC__repeat01,rna_00318,4V7M_1_CY,4V7M,75,EC,train,5.128522754505011,pass
rna_00318__4V7M_1_Y__repeat02,rna_00318,4V7M_1_AY,4V7M,75,Y,train,4.509381562560816,pass
rna_00321__7SBA_1_N,rna_00321,7SBA_1_Z,7SBA,43,N,train,21.477527282528136,pass
rna_00323__5KPS_1_FB,rna_00323,5KPS_1_32,5KPS,77,FB,train,3.9417955576879455,pass
rna_00323__5KPW_1_FB,rna_00323,5KPW_1_32,5KPW,77,FB,train,3.692932719585682,pass
rna_00323__5KPX_1_FB,rna_00323,5KPX_1_32,5KPX,77,FB,train,3.101339559805716,pass
rna_00323__5ZEB_1_O,rna_00323,5ZEB_1_v,5ZEB,77,O,train,3.73928392590908,pass
rna_00323__5ZEP_1_V,rna_00323,5ZEP_1_w,5ZEP,77,V,train,3.5572163982399254,pass
rna_00325__6S8B_1_K-L,rna_00325,6S8B_1_V-U,6S8B,93,K|L,test_flex,15.95753247374034,pass
rna_00329__7S1G_1_E,rna_00329,7S1G_1_A,7S1G,76,E,train,4.244316852596008,pass
rna_00329__7S1I_1_E,rna_00329,7S1I_1_A,7S1I,76,E,train,4.2360813378398,pass
rna_00329__7S1K_1_E,rna_00329,7S1K_1_A,7S1K,76,E,train,7.308069559155802,pass
rna_00335__1EIY_1_A,rna_00335,1EIY_1_C,1EIY,76,A,train,5.317165655242016,pass
rna_00335__2IY5_1_C,rna_00335,2IY5_1_T,2IY5,76,C,train,7.191098852355112,pass
rna_00337__6B44_1_J,rna_00337,6B44_1_M,6B44,60,J,train,25.772931793649306,pass
rna_00337__6B45_1_J,rna_00337,6B45_1_M,6B45,60,J,train,25.81094863736021,pass
rna_00337__6B46_1_J,rna_00337,6B46_1_M,6B46,60,J,train,22.751761492372218,pass
rna_00337__6B47_1_K,rna_00337,6B47_1_M,6B47,60,K,train,19.120898743600556,pass
rna_00337__7ECV_1_L,rna_00337,7ECV_1_M,7ECV,60,L,train,19.824025979341812,pass
rna_00338__1SJ3_1_A,rna_00338,1SJ3_1_R,1SJ3,73,A,train,3.8657113590081424,pass
rna_00338__1SJ4_1_A,rna_00338,1SJ4_1_R,1SJ4,73,A,train,3.4830179505054875,pass
rna_00338__1VBX_1_A,rna_00338,1VBX_1_B,1VBX,73,A,train,3.804239851191572,pass
rna_00338__2OIH_1_A,rna_00338,2OIH_1_B,2OIH,73,A,train,5.700176084049886,pass
rna_00340__4U38_1_A-B-C-D,rna_00340,4U38_1_A-B,4U38,28,A|B|C|D,train,2.4067416587134485,pass
rna_00340__4U38_1_A-B-C-D-E-F,rna_00340,4U38_1_C-D,4U38,42,A|B|C|D|E|F,train,2.0387707342227315,pass
rna_00340__4U38_1_A-B-C-D-E-F-G-H,rna_00340,4U38_1_E-F,4U38,56,A|B|C|D|E|F|G|H,train,2.3947110382422285,pass
rna_00341__6GZ3_1_D,rna_00341,6GZ3_1_Bw,6GZ3,76,D,train,4.07862914737922,pass
rna_00341__6GZ4_1_J,rna_00341,6GZ4_1_Bw,6GZ4,76,J,train,3.26201186132177,pass
rna_00341__6GZ5_1_D,rna_00341,6GZ5_1_Bw,6GZ5,76,D,train,2.878935091958407,pass
rna_00346__3JBV_1_W,rna_00346,3JBV_1_W,3JBV,75,W,train,7.020167430763811,pass
rna_00349__1ZFV_1_A-B-C-D,rna_00349,1ZFV_1_D-C-A-B,1ZFV,61,A|B|C|D,test_struct,3.5828389077523752,pass
rna_00350__4C4W_1_D,rna_00350,4C4W_1_D,4C4W,35,D,test_flex,4.358615215714915,pass
rna_00350__4C4W_1_H,rna_00350,4C4W_1_H,4C4W,35,H,test_flex,3.475313799722315,pass
rna_00355__2UXD_1_V-W,rna_00355,2UXD_1_Y-X,2UXD,12,V|W,train,5.622845537147267,pass
rna_00358__4C40_1_A,rna_00358,4C40_1_A,4C40,19,A,val,6.999685376103399,pass
rna_00358__4CS1_1_A,rna_00358,4CS1_1_A,4CS1,19,A,val,9.985827260288678,pass
rna_00358__5FJ0_1_B-C,rna_00358,5FJ0_1_C,5FJ0,38,B|C,val,9.69463525392604,pass
rna_00358__7EFG_1_A,rna_00358,7EFG_1_A,7EFG,19,A,val,9.665371178170172,pass
rna_00360__6MUR_1_F-G,rna_00360,6MUR_1_G-H,6MUR,46,F|G,train,13.21183061520398,pass
rna_00361__6WLS_11_A,rna_00361,6WLS_11_A,6WLS,388,A,test_flex,9.170422277463716,pass
rna_00361__7XSK_1_A,rna_00361,7XSK_1_N,7XSK,388,A,test_flex,11.417994239383148,pass
rna_00361__7XSL_1_A,rna_00361,7XSL_1_N,7XSL,388,A,test_flex,7.5936584959738616,pass
rna_00361__7XSM_1_A,rna_00361,7XSM_1_N,7XSM,388,A,test_flex,13.875607255356469,pass
rna_00361__7YC8_1_A,rna_00361,7YC8_1_N,7YC8,388,A,test_flex,7.04656060727568,pass
rna_00363__6XIQ_1_CA,rna_00363,6XIQ_1_3,6XIQ,121,CA,train,8.099357673205711,pass
rna_00363__6XIR_1_CA,rna_00363,6XIR_1_3,6XIR,121,CA,train,7.059712115783674,pass
rna_00373__4V87_1_YB__repeat01,rna_00373,4V87_1_CB,4V87,87,YB,train,4.159081259218779,pass
rna_00373__4V87_1_ZA__repeat02,rna_00373,4V87_1_BB,4V87,87,ZA,train,6.751010819952881,pass
rna_00373__4V8B_1_V,rna_00373,4V8B_1_AB,4V8B,87,V,train,4.981217407219723,pass
rna_00373__6HA1_1_YA,rna_00373,6HA1_1_x,6HA1,87,YA,train,6.487451282680595,pass
rna_00374__7MKN_1_H,rna_00374,7MKN_1_R,7MKN,11,H,train,5.875309816659461,pass
rna_00374__7MKO_1_G,rna_00374,7MKO_1_R,7MKO,11,G,train,5.789951383684324,pass
rna_00378__7Z4E_1_B,rna_00378,7Z4E_1_A,7Z4E,88,B,train,16.56507354510189,pass
rna_00378__7Z4K_1_B,rna_00378,7Z4K_1_A,7Z4K,88,B,train,18.549632063782344,pass
rna_00381__4LVV_1_A,rna_00381,4LVV_1_A,4LVV,89,A,train,2.521196430228277,pass
rna_00381__4LVW_1_A,rna_00381,4LVW_1_A,4LVW,89,A,train,1.9857207088418922,pass
rna_00381__4LVX_1_A,rna_00381,4LVX_1_A,4LVX,89,A,train,2.8830837284412074,pass
rna_00381__4LVY_1_A,rna_00381,4LVY_1_A,4LVY,89,A,train,2.5100791140710053,pass
rna_00381__4LVZ_1_A,rna_00381,4LVZ_1_A,4LVZ,89,A,train,2.890256627300451,pass
rna_00382__7NKX_1_V,rna_00382,7NKX_1_P,7NKX,16,V,train,9.557630530135834,pass
rna_00387__1M5P_1_A-B-C,rna_00387,1M5P_1_B,1M5P,112,A|B|C,val,7.365559732307126,pass
rna_00387__1M5P_1_D-E-F,rna_00387,1M5P_1_E,1M5P,112,D|E|F,val,5.178170187761918,pass
rna_00387__1M5V_1_A-B-C,rna_00387,1M5V_1_B,1M5V,112,A|B|C,val,4.250124020827316,pass
rna_00387__1M5V_1_D-E-F,rna_00387,1M5V_1_E,1M5V,112,D|E|F,val,4.3909638344104325,pass
rna_00389__6IQW_1_G,rna_00389,6IQW_1_I,6IQW,24,G,train,17.03331102107449,pass
rna_00390_K__7N0D_1_F,rna_00390_K,7N0D_1_K,7N0D,14,F,val,7.762578867021769,pass
rna_00390_T__7N0D_1_E,rna_00390_T,7N0D_1_T,7N0D,19,E,train,7.641839635134619,pass
rna_00390__7N0D_1_E-F-G,rna_00390,7N0D_1_T-K-P,7N0D,38,E|F|G,train,9.391337063892953,pass
rna_00390__7N0D_1_L-M-N,rna_00390,7N0D_1_I-L-J,7N0D,38,L|M|N,train,3.055584716985366,pass
rna_00395__1ET4_1_A,rna_00395,1ET4_1_A,1ET4,35,A,test_struct,5.733479220599393,pass
rna_00395__1ET4_1_B,rna_00395,1ET4_1_B,1ET4,35,B,test_struct,3.4194759870446245,pass
rna_00395__1ET4_1_C,rna_00395,1ET4_1_C,1ET4,35,C,test_struct,7.412559298657303,pass
rna_00395__1ET4_1_D,rna_00395,1ET4_1_D,1ET4,35,D,test_struct,4.483945510574759,pass
rna_00395__1ET4_1_E,rna_00395,1ET4_1_E,1ET4,35,E,test_struct,3.516753622050842,pass
rna_00397__2B57_1_A,rna_00397,2B57_1_A,2B57,65,A,test_struct,2.95122408411751,pass
rna_00397__2XNZ_1_A,rna_00397,2XNZ_1_A,2XNZ,65,A,test_struct,2.133395612688541,pass
rna_00402__7ECN_1_A-B-C-D__repeat01,rna_00402,7ECN_1_C-D,7ECN,48,A|B|C|D,val,2.6155421956648532,pass
rna_00402__7ECN_1_A-B-C-D__repeat02,rna_00402,7ECN_1_A-B,7ECN,48,A|B|C|D,val,3.1882299350748804,pass
rna_00404__4OL8_1_C,rna_00404,4OL8_1_C,4OL8,17,C,val,6.565305575142829,pass
rna_00404__4OL8_1_C-E,rna_00404,4OL8_1_G,4OL8,34,C|E,val,34.33891467288119,pass
rna_00405__7SBB_1_L-M,rna_00405,7SBB_1_Z-X,7SBB,76,L|M,test_flex,16.805206176412746,pass
rna_00406__3GX7_1_A,rna_00406,3GX7_1_A,3GX7,94,A,train,3.119834097352619,pass
rna_00408__1YYW_1_A-B-C-D__repeat01,rna_00408,1YYW_1_G-H,1YYW,48,A|B|C|D,train,3.9677399608344155,pass
rna_00408__1YYW_1_A-B-C-D__repeat02,rna_00408,1YYW_1_E-F,1YYW,48,A|B|C|D,train,2.8389761607931137,pass
rna_00408__1YYW_1_E-F-G-H__repeat01,rna_00408,1YYW_1_I-J,1YYW,48,E|F|G|H,train,2.7877263114924236,pass
rna_00408__1YYW_1_E-F-G-H__repeat02,rna_00408,1YYW_1_K-L,1YYW,48,E|F|G|H,train,6.171264048876504,pass
rna_00410__4LX6_1_A,rna_00410,4LX6_1_A,4LX6,71,A,test_struct,2.5709714635443195,pass
rna_00412__7OLC_1_C,rna_00412,7OLC_1_3,7OLC,119,C,train,5.058742041241701,pass
rna_00412__7OLD_1_C,rna_00412,7OLD_1_3,7OLD,119,C,train,5.930386109424167,pass
rna_00412__7Z3N_1_C,rna_00412,7Z3N_1_3,7Z3N,119,C,train,6.586688785497429,pass
rna_00412__7Z3O_1_C,rna_00412,7Z3O_1_3,7Z3O,119,C,train,5.751365593090517,pass
rna_00413__7UML_1_G,rna_00413,7UML_1_R,7UML,13,G,train,7.897028245885167,pass
rna_00420__6SJD_1_C,rna_00420,6SJD_1_D,6SJD,17,C,train,9.896919500485861,pass
rna_00422__6KUK_1_D-E,rna_00422,6KUK_1_V-R,6KUK,23,D|E,train,6.570948866093129,pass
rna_00422__6KUP_1_D-E,rna_00422,6KUP_1_V-R,6KUP,23,D|E,train,7.105214197608929,pass
rna_00423__7S4V_1_B,rna_00423,7S4V_1_B,7S4V,98,B,train,14.249900292377143,pass
rna_00423__7S4X_1_B,rna_00423,7S4X_1_B,7S4X,98,B,train,15.72872070260109,pass
rna_00424__4LG2_1_E-F,rna_00424,4LG2_1_E-F,4LG2,18,E|F,train,1.4653085993680284,pass
rna_00427__4PUO_1_E,rna_00427,4PUO_1_T,4PUO,20,E,val,7.030051030185325,pass
rna_00428__6AAX_1_B,rna_00428,6AAX_1_B,6AAX,28,B,train,2.4763306705492143,pass
rna_00428__6AAX_1_D,rna_00428,6AAX_1_D,6AAX,28,D,train,2.5628101402872288,pass
rna_00428__6AJK_1_B,rna_00428,6AJK_1_B,6AJK,28,B,train,3.447580276570998,pass
rna_00429__6ZM5_1_NC,rna_00429,6ZM5_1_w,6ZM5,68,NC,train,3.2947053924004424,pass
rna_00429__6ZM6_1_LC,rna_00429,6ZM6_1_w,6ZM6,68,LC,train,3.6466796521971356,pass
rna_00431__6BBO_1_B-C,rna_00431,6BBO_1_B-C,6BBO,16,B|C,train,1.7148918287797859,pass
rna_00431__6BBO_1_F-G,rna_00431,6BBO_1_F-G,6BBO,16,F|G,train,2.8861761209018972,pass
rna_00442__3U4M_1_B,rna_00442,3U4M_1_B,3U4M,80,B,train,7.99961716483189,pass
rna_00442__3U56_1_B,rna_00442,3U56_1_B,3U56,80,B,train,4.005205840271032,pass
rna_00442__4QG3_1_B,rna_00442,4QG3_1_B,4QG3,80,B,train,2.826702328928499,pass
rna_00442__4QVI_1_B,rna_00442,4QVI_1_B,4QVI,80,B,train,3.8655816009339166,pass
rna_00442__5NPM_1_B,rna_00442,5NPM_1_B,5NPM,80,B,train,3.332877469280111,pass
rna_00447__8FNF_1_A,rna_00447,8FNF_1_m,8FNF,20,A,train,8.515647873129405,pass
rna_00448__1U63_1_A,rna_00448,1U63_1_B,1U63,49,A,train,4.716406216288705,pass
rna_00448__1U63_1_B,rna_00448,1U63_1_D,1U63,49,B,train,3.2135565188681787,pass
rna_00450__1ZBH_1_A,rna_00450,1ZBH_1_F,1ZBH,16,A,train,1.7092837041258033,pass
rna_00450__1ZBH_1_B,rna_00450,1ZBH_1_E,1ZBH,16,B,train,1.509064278706123,pass
rna_00451__3TD0_1_A-B,rna_00451,3TD0_1_B-A,3TD0,44,A|B,train,3.1360525270513118,pass
rna_00452__3PLA_1_N-O,rna_00452,3PLA_1_N-O,3PLA,41,N|O,train,11.950127973661928,pass
rna_00458__7K50_1_GB,rna_00458,7K50_1_7,7K50,77,GB,train,2.90763111201955,pass
rna_00458__7SS9_1_KA,rna_00458,7SS9_1_5,7SS9,77,KA,train,4.376438995338943,pass
rna_00458__7SSD_1_LA,rna_00458,7SSD_1_5,7SSD,77,LA,train,5.048448600727849,pass
rna_00458__7SSL_1_D,rna_00458,7SSL_1_5,7SSL,77,D,train,4.685275910554182,pass
rna_00458__7SSN_1_D,rna_00458,7SSN_1_5,7SSN,77,D,train,3.4038366584996833,pass
rna_00462__3J9W_1_U,rna_00462,3J9W_1_AX,3J9W,77,U,train,3.8568601742506687,pass
rna_00462__7O5B_1_A,rna_00462,7O5B_1_U,7O5B,77,A,train,4.402527833474442,pass
rna_00462__7QGU_1_ZA,rna_00462,7QGU_1_z,7QGU,77,ZA,train,4.0713257351731365,pass
rna_00462__7QH4_1_YA,rna_00462,7QH4_1_y,7QH4,77,YA,train,3.1615415681450783,pass
rna_00463__4EYA_1_I-J-Q-R,rna_00463,4EYA_1_c-d,4EYA,48,I|J|Q|R,train,8.147601212655518,pass
rna_00463__4EYA_1_I-R,rna_00463,4EYA_1_a-b,4EYA,24,I|R,train,4.373473748991604,pass
rna_00463__4EYA_1_K-L-M-N-O-P,rna_00463,4EYA_1_g-h,4EYA,72,K|L|M|N|O|P,train,14.570106912332092,pass
rna_00463__4EYA_1_K-L-O-P,rna_00463,4EYA_1_e-f,4EYA,48,K|L|O|P,train,5.544559866903538,pass
rna_00463__4EYA_1_L-M-N-O,rna_00463,4EYA_1_i-j,4EYA,48,L|M|N|O,train,5.199196785909116,pass
rna_00467__5DDP_1_A-B,rna_00467,5DDP_1_A,5DDP,122,A|B,train,5.354219184099852,pass
rna_00467__5DDP_1_B,rna_00467,5DDP_1_B,5DDP,61,B,train,3.215365468720763,pass
rna_00470__7PAH_1_AB,rna_00470,7PAH_1_7,7PAH,76,AB,train,4.828882153944741,pass
rna_00470__7PAH_1_BB,rna_00470,7PAH_1_8,7PAH,76,BB,train,4.417899929048323,pass
rna_00470__7PAI_1_AB,rna_00470,7PAI_1_7,7PAI,76,AB,train,4.36361997911543,pass
rna_00470__7PAJ_1_BB,rna_00470,7PAJ_1_6,7PAJ,76,BB,train,4.119918970754806,pass
rna_00470__7PAJ_1_CB,rna_00470,7PAJ_1_7,7PAJ,76,CB,train,5.027127592328443,pass
rna_00474__6Z8K_1_B-C,rna_00474,6Z8K_1_H-X,6Z8K,15,B|C,train,7.742616914647989,pass
rna_00480__7MEI_1_O,rna_00480,7MEI_1_r,7MEI,16,O,train,9.893483471487219,pass
rna_00480__7MKA_1_O,rna_00480,7MKA_1_r,7MKA,16,O,train,12.269773712714413,pass
rna_00490__4WRO_1_FA,rna_00490,4WRO_1_1J,4WRO,122,FA,train,5.721471596702346,pass
rna_00490__6GZQ_1_DA,rna_00490,6GZQ_1_B1,6GZQ,122,DA,train,10.869984088465296,pass
rna_00490__6GZX_1_DA,rna_00490,6GZX_1_B1,6GZX,122,DA,train,8.402075126420835,pass
rna_00490__6GZX_1_IB,rna_00490,6GZX_1_B2,6GZX,122,IB,train,12.904133215599547,pass
rna_00490__6GZZ_1_DA,rna_00490,6GZZ_1_B1,6GZZ,122,DA,train,11.308315532514145,pass
rna_00493__4V8P_1_VA,rna_00493,4V8P_1_C3,4V8P,120,VA,train,6.780891514340332,pass
rna_00493__4V8P_1_PC,rna_00493,4V8P_1_E3,4V8P,120,PC,train,7.452108527719803,pass
rna_00493__4V8P_1_U,rna_00493,4V8P_1_B3,4V8P,120,U,train,11.336064436058951,pass
rna_00495__6GPG_1_A-B,rna_00495,6GPG_1_B-C,6GPG,26,A|B,train,1.7671070385148935,pass
rna_00498__6RI9_1_H,rna_00498,6RI9_1_R,6RI9,13,H,train,6.9465883454217305,pass
rna_00498__6RIN_1_I,rna_00498,6RIN_1_R,6RIN,13,I,train,6.49879944623516,pass
rna_00498__6RIP_1_H,rna_00498,6RIP_1_R,6RIP,13,H,train,7.069329671789992,pass
rna_00503__8DFA_1_L,rna_00503,8DFA_1_L,8DFA,46,L,val,31.662270628438325,pass
rna_00507__1KFO_1_A,rna_00507,1KFO_1_A,1KFO,19,A,train,7.758093030433432,pass
rna_00515__1Q9A_1_A,rna_00515,1Q9A_1_A,1Q9A,27,A,test_struct,1.883172120203421,pass
rna_00515__3DVZ_1_A,rna_00515,3DVZ_1_A,3DVZ,27,A,test_struct,2.1928884151272996,pass
rna_00515__480D_1_A,rna_00515,480D_1_A,480D,27,A,test_struct,1.9897534924381859,pass
rna_00515__483D_1_A,rna_00515,483D_1_A,483D,27,A,test_struct,2.010296698413174,pass
rna_00517__1SA9_1_A-B,rna_00517,1SA9_1_A-B,1SA9,16,A|B,train,1.0377107919013218,pass
rna_00517__1SA9_1_C-D,rna_00517,1SA9_1_C-D,1SA9,16,C|D,train,1.1050886542875795,pass
rna_00517__1YFV_1_A-B,rna_00517,1YFV_1_A-B,1YFV,16,A|B,train,1.452728582848038,pass
rna_00522__8Q5I_1_D-XB,rna_00522,8Q5I_1_10-g,8Q5I,14,D|XB,train,2.505643984780816,pass
rna_00525__3J7A_1_GA,rna_00525,3J7A_1_7,3J7A,74,GA,train,5.586372672688724,pass
rna_00525__3JBP_1_B,rna_00525,3JBP_1_7,3JBP,74,B,train,7.781828866679472,pass
rna_00525__6OKK_1_GA,rna_00525,6OKK_1_g,6OKK,74,GA,train,5.405250111461012,pass
rna_00527__8I7N_1_A,rna_00527,8I7N_1_N,8I7N,418,A,test_flex,7.556425540779535,pass
rna_00531__6O0Z_1_B,rna_00531,6O0Z_1_B,6O0Z,96,B,train,23.694641315385002,pass
rna_00534__6LAS_1_A,rna_00534,6LAS_1_A,6LAS,55,A,train,4.204002514721171,pass
rna_00534__6LAS_1_B,rna_00534,6LAS_1_B,6LAS,55,B,train,3.7900033497950827,pass
rna_00534__6LAU_1_B,rna_00534,6LAU_1_B,6LAU,55,B,train,3.406619468235873,pass
rna_00535__1KXK_1_A,rna_00535,1KXK_1_A,1KXK,70,A,train,5.800638255590961,pass
rna_00541__7MSF_1_A,rna_00541,7MSF_1_R,7MSF,14,A,train,2.922329962322154,pass
rna_00545__1Q96_1_A,rna_00545,1Q96_1_A,1Q96,27,A,train,1.5843973461039134,pass
rna_00545__1Q96_1_B,rna_00545,1Q96_1_B,1Q96,27,B,train,1.658640039120035,pass
rna_00545__1Q96_1_C,rna_00545,1Q96_1_C,1Q96,27,C,train,1.3651974436978873,pass
rna_00547__3J0L_1_AA,rna_00547,3J0L_1_Y,3J0L,75,AA,train,4.5970791026116125,pass
rna_00547__4WT8_1_SA,rna_00547,4WT8_1_C2,4WT8,75,SA,train,3.529238637937702,pass
rna_00547__5TCU_1_U,rna_00547,5TCU_1_E,5TCU,75,U,train,3.871100684621976,pass
rna_00547__6C5L_1_W,rna_00547,6C5L_1_AW,6C5L,75,W,train,4.504668028548301,pass
rna_00547__6WD7_1_FB,rna_00547,6WD7_1_7,6WD7,75,FB,train,3.544164770899055,pass
rna_00549__6CMN_1_B,rna_00549,6CMN_1_D,6CMN,27,B,train,2.1487151736127017,pass
rna_00549__6XH0_1_B,rna_00549,6XH0_1_D,6XH0,27,B,train,2.960485973471433,pass
rna_00549__6XH2_1_B,rna_00549,6XH2_1_D,6XH2,27,B,train,2.944034723930022,pass
rna_00552__3DW5_1_A,rna_00552,3DW5_1_A,3DW5,27,A,test_struct,1.8941821392571554,pass
rna_00553__6Z6B_1_B-C,rna_00553,6Z6B_1_CCC-DDD,6Z6B,24,B|C,train,11.014377854231405,pass
rna_00553__6Z6B_1_E-H,rna_00553,6Z6B_1_HHH-XXX,6Z6B,24,E|H,train,8.547353678102137,pass
rna_00556__7O80_1_NA,rna_00556,7O80_1_B7,7O80,119,NA,train,4.244984392349376,pass
rna_00556__7ZJW_1_G,rna_00556,7ZJW_1_L7,7ZJW,119,G,train,9.967559018833331,pass
rna_00556__8BTK_1_B,rna_00556,8BTK_1_B7,8BTK,119,B,train,4.868653575161263,pass
rna_00556__8P2K_1_B,rna_00556,8P2K_1_B7,8P2K,119,B,train,4.720355729294413,pass
rna_00558__7P7Q_1_L,rna_00558,7P7Q_1_D,7P7Q,76,L,train,3.1383191098889736,pass
rna_00558__7P7R_1_L,rna_00558,7P7R_1_D,7P7R,76,L,train,3.9965651386548013,pass
rna_00558__7P7S_1_L,rna_00558,7P7S_1_D,7P7S,76,L,train,4.118139465261094,pass
rna_00558__7P7T_1_M,rna_00558,7P7T_1_D,7P7T,76,M,train,2.8647240199701844,pass
rna_00560__5UX0_1_E,rna_00560,5UX0_1_E,5UX0,18,E,train,8.462967804680337,pass
rna_00563__1YYK_1_A-B-C-D__repeat01,rna_00563,1YYK_1_E-F,1YYK,48,A|B|C|D,train,3.167840444051131,pass
rna_00563__1YYK_1_A-B-C-D__repeat02,rna_00563,1YYK_1_C-D,1YYK,48,A|B|C|D,train,3.535385316244816,pass
rna_00563__1YYO_1_A-B-C-D__repeat01,rna_00563,1YYO_1_C-D,1YYO,48,A|B|C|D,train,3.228984291392015,pass
rna_00563__1YYO_1_A-B-C-D__repeat02,rna_00563,1YYO_1_E-F,1YYO,48,A|B|C|D,train,3.615371056277552,pass
rna_00565__6P4G_1_JA,rna_00565,6P4G_1_1,6P4G,203,JA,train,18.86132223011591,pass
rna_00565__6P4H_1_F,rna_00565,6P4H_1_1,6P4H,203,F,train,19.66623386833075,pass
rna_00577__3SD3_1_A,rna_00577,3SD3_1_A,3SD3,89,A,train,2.32216737259015,pass
rna_00578__6YYT_1_E-F-G-H,rna_00578,6YYT_1_P-Q-U-T,6YYT,54,E|F|G|H,train,5.020489143247865,pass
rna_00581__7P0V_1_B,rna_00581,7P0V_1_B,7P0V,24,B,train,1.657876500551588,pass
rna_00581__8ID2_1_C,rna_00581,8ID2_1_C,8ID2,24,C,train,2.145838970027074,pass
rna_00581__8ID2_1_D,rna_00581,8ID2_1_D,8ID2,24,D,train,1.4467783668124956,pass
rna_00582__2QWY_1_A-B,rna_00582,2QWY_1_B,2QWY,104,A|B,train,4.979634387421611,pass
rna_00583__7NHK_1_XA,rna_00583,7NHK_1_D,7NHK,74,XA,train,3.5795268473871715,pass
rna_00588__4QI2_1_E,rna_00588,4QI2_1_E,4QI2,19,E,train,2.3531810405506364,pass
rna_00593__7LNE_1_A-B,rna_00593,7LNE_1_A-B,7LNE,18,A|B,train,1.7351619798228612,pass
rna_00593__7LNF_1_A-B,rna_00593,7LNF_1_A-B,7LNF,18,A|B,train,1.7417793360740828,pass
rna_00593__7LNG_1_A-B,rna_00593,7LNG_1_A-B,7LNG,18,A|B,train,1.7062814539134485,pass
rna_00597__3NVI_1_E,rna_00597,3NVI_1_E,3NVI,24,E,train,4.832016514212327,pass
rna_00597__3NVI_1_F,rna_00597,3NVI_1_F,3NVI,24,F,train,3.0986680488636615,pass
rna_00601__4PQU_1_E,rna_00601,4PQU_1_T,4PQU,21,E,val,11.106535586553852,pass
rna_00601__4PQU_1_G,rna_00601,4PQU_1_E,4PQU,21,G,val,7.530772338348549,pass
rna_00606__6MTB_1_C,rna_00606,6MTB_1_4,6MTB,75,C,train,3.343032585183305,pass
rna_00606__6MTC_1_A,rna_00606,6MTC_1_4,6MTC,75,A,train,4.80343722818858,pass
rna_00611__5GAD_1_A,rna_00611,5GAD_1_1,5GAD,43,A,train,3.464874336077886,pass
rna_00611__5GAG_1_A,rna_00611,5GAG_1_1,5GAG,43,A,train,4.284949549115172,pass
rna_00611__5GAH_1_A,rna_00611,5GAH_1_1,5GAH,43,A,train,3.7451911830055327,pass
rna_00615__1X8W_1_B,rna_00615,1X8W_1_B,1X8W,247,B,test_flex,7.054364706518776,pass
rna_00620__5OC6_1_B-C,rna_00620,5OC6_1_B-C,5OC6,22,B|C,train,2.40792754527711,pass
rna_00623__4K4Z_1_M-O-P,rna_00623,4K4Z_1_N-O-P,4K4Z,33,M|O|P,train,4.638778231004404,pass
rna_00624__4V6W_1_GC,rna_00624,4V6W_1_A7,4V6W,120,GC,train,7.686881360601351,pass
rna_00624__6XU6_1_CB,rna_00624,6XU6_1_A7,6XU6,120,CB,train,6.581757643053223,pass
rna_00624__6XU7_1_FB,rna_00624,6XU7_1_A7,6XU7,120,FB,train,5.707016752615785,pass
rna_00624__6XU8_1_MA,rna_00624,6XU8_1_A7,6XU8,120,MA,train,6.419090983458016,pass
rna_00625__4QQB_1_A,rna_00625,4QQB_1_P,4QQB,17,A,train,10.324406557784213,pass
rna_00625__4QQB_1_C,rna_00625,4QQB_1_C,4QQB,17,C,train,8.365877034797412,pass
rna_00633__7P7U_1_K,rna_00633,7P7U_1_D,7P7U,77,K,train,3.034347593167804,pass
rna_00637__8A57_1_K,rna_00637,8A57_1_B,8A57,114,K,train,4.7582608996778974,pass
rna_00637__8A5I_1_K,rna_00637,8A5I_1_B,8A5I,114,K,train,10.494083951718125,pass
rna_00637__8A63_1_K,rna_00637,8A63_1_B,8A63,114,K,train,4.705291622123359,pass
rna_00638__3EPH_1_B,rna_00638,3EPH_1_E,3EPH,69,B,train,3.7442223689035057,pass
rna_00638__3EPH_1_D,rna_00638,3EPH_1_F,3EPH,69,D,train,3.1000061041548284,pass
rna_00638__3EPJ_1_B,rna_00638,3EPJ_1_E,3EPJ,69,B,train,3.222237319161662,pass
rna_00638__3EPJ_1_D,rna_00638,3EPJ_1_F,3EPJ,69,D,train,3.3272751467873776,pass
rna_00638__3EPL_1_D,rna_00638,3EPL_1_F,3EPL,69,D,train,3.8427804039917017,pass
rna_00641__8D29_1_F,rna_00641,8D29_1_F,8D29,34,F,train,2.6933048326486633,pass
rna_00641__8D29_1_J,rna_00641,8D29_1_J,8D29,34,J,train,3.0106403693442805,pass
rna_00641__8D29_1_L,rna_00641,8D29_1_R,8D29,34,L,train,3.0687150577586064,pass
rna_00641__8DK7_1_C,rna_00641,8DK7_1_C,8DK7,34,C,train,4.541952352365036,pass
rna_00641__8DK7_1_F,rna_00641,8DK7_1_F,8DK7,34,F,train,2.2495017505473895,pass
rna_00646__5VJB_1_A,rna_00646,5VJB_1_A,5VJB,16,A,val,1.2121232872087924,pass
rna_00646__5VJB_1_A-B,rna_00646,5VJB_1_B,5VJB,32,A|B,val,1.525684732823311,pass
rna_00646__5VJB_1_C-D__repeat01,rna_00646,5VJB_1_D,5VJB,32,C|D,val,1.9766619152119584,pass
rna_00646__5VJB_1_C-D__repeat02,rna_00646,5VJB_1_C,5VJB,32,C|D,val,1.231588076142491,pass
rna_00649__6ZM5_1_B,rna_00649,6ZM5_1_B,6ZM5,72,B,train,3.4111847740440453,pass
rna_00649__6ZM6_1_B,rna_00649,6ZM6_1_B,6ZM6,72,B,train,5.896993277893252,pass
rna_00649__7ODR_1_Q,rna_00649,7ODR_1_B,7ODR,72,Q,train,3.448852088990919,pass
rna_00649__7ODS_1_R,rna_00649,7ODS_1_B,7ODS,72,R,train,3.693835403187325,pass
rna_00649__7ODT_1_R,rna_00649,7ODT_1_B,7ODT,72,R,train,3.4976876628869085,pass
rna_00651__6D8M_1_A-B,rna_00651,6D8M_1_B,6D8M,317,A|B,test_struct,7.039360253848442,pass
rna_00653__6JJH_1_A,rna_00653,6JJH_1_B,6JJH,14,A,train,3.246469790009783,pass
rna_00653__6JJI_1_A,rna_00653,6JJI_1_B,6JJI,14,A,train,2.3903702992540428,pass
rna_00653__6XRQ_1_A,rna_00653,6XRQ_1_B,6XRQ,14,A,train,2.714920416528308,pass
rna_00653__6XRQ_1_B,rna_00653,6XRQ_1_A,6XRQ,14,B,train,2.2946272866415507,pass
rna_00654__6AGB_1_A,rna_00654,6AGB_1_A,6AGB,369,A,test_flex,14.895426640302881,pass
rna_00654__6AH3_1_A-L,rna_00654,6AH3_1_A,6AH3,449,A|L,test_flex,16.54549125181859,pass
rna_00655__7D7W_1_A,rna_00655,7D7W_1_A,7D7W,51,A,test_struct,2.7700781954399143,pass
rna_00655__7D7X_1_A,rna_00655,7D7X_1_A,7D7X,51,A,test_struct,3.162901374209454,pass
rna_00655__7D7Y_1_A,rna_00655,7D7Y_1_A,7D7Y,51,A,test_struct,2.1438882710740943,pass
rna_00656__5G4U_1_A-B-E-F-I-J__repeat01,rna_00656,5G4U_1_E-F,5G4U,114,A|B|E|F|I|J,train,2.4050604058246576,pass
rna_00656__5G4U_1_A-B-E-F-I-J__repeat02,rna_00656,5G4U_1_I-J,5G4U,114,A|B|E|F|I|J,train,2.469455509548767,pass
rna_00656__5G4U_1_A-B-E-F-I-J__repeat03,rna_00656,5G4U_1_A-B,5G4U,114,A|B|E|F|I|J,train,2.3234289160552257,pass
rna_00657__7XD8_1_E-F,rna_00657,7XD8_1_E-F,7XD8,20,E|F,train,1.6881153350904272,pass
rna_00657__7XD8_1_H-I,rna_00657,7XD8_1_H-I,7XD8,20,H|I,train,1.9997779422615083,pass
rna_00657__7XD8_1_Q-R,rna_00657,7XD8_1_Q-R,7XD8,20,Q|R,train,2.3402456803512717,pass
rna_00660__6AEB_1_A,rna_00660,6AEB_1_A,6AEB,95,A,train,20.531778489359564,pass
rna_00660__6AEB_1_E,rna_00660,6AEB_1_E,6AEB,95,E,train,18.623751354501973,pass
rna_00660__6AEG_1_A,rna_00660,6AEG_1_A,6AEG,95,A,train,18.189468866454067,pass
rna_00662__5H5U_1_E,rna_00662,5H5U_1_5,5H5U,76,E,train,3.159786880509778,pass
rna_00665__7UZX_1_H-I,rna_00665,7UZX_1_G-L,7UZX,36,H|I,test_flex,11.76454554167401,pass
rna_00672__7TR6_1_O,rna_00672,7TR6_1_R,7TR6,45,O,train,19.12333332913168,pass
rna_00672__7TR8_1_Q,rna_00672,7TR8_1_R,7TR8,45,Q,train,23.547689909684408,pass
rna_00672__7TR9_1_O,rna_00672,7TR9_1_R,7TR9,45,O,train,29.24472217179192,pass
rna_00675__6IV8_1_B,rna_00675,6IV8_1_B,6IV8,51,B,train,13.957141562639343,pass
rna_00679__6V39_1_F,rna_00679,6V39_1_B,6V39,115,F,train,9.729338707773307,pass
rna_00679__6V3A_1_F,rna_00679,6V3A_1_B,6V3A,115,F,train,8.426401863998674,pass
rna_00679__7UVV_1_F,rna_00679,7UVV_1_B,7UVV,115,F,train,6.045708852537768,pass
rna_00679__7UVW_1_F,rna_00679,7UVW_1_B,7UVW,115,F,train,8.521585886634883,pass
rna_00679__7UVX_1_F,rna_00679,7UVX_1_B,7UVX,115,F,train,4.537332172574024,pass
rna_00681__5LM7_1_E,rna_00681,5LM7_1_R,5LM7,29,E,train,13.773894589893482,pass
rna_00682__2R92_1_A-B,rna_00682,2R92_1_T-P,2R92,19,A|B,train,1.3353738802223027,pass
rna_00683__8FFI_1_C,rna_00683,8FFI_1_C,8FFI,21,C,train,15.733513815269783,pass
rna_00683__8FFI_1_G,rna_00683,8FFI_1_G,8FFI,21,G,train,14.409097503160877,pass
rna_00683__8FFI_1_J,rna_00683,8FFI_1_J,8FFI,21,J,train,15.842733566694106,pass
rna_00683__8FFI_1_O,rna_00683,8FFI_1_O,8FFI,21,O,train,10.558929444728603,pass
rna_00683__8SP0_1_C,rna_00683,8SP0_1_C,8SP0,21,C,train,14.571480300913004,pass
rna_00687__6NY5_1_C,rna_00687,6NY5_1_C,6NY5,13,C,train,7.414583892154365,pass
rna_00688__5BKL_1_JA-MA,rna_00688,5BKL_1_bb-qq,5BKL,17,JA|MA,train,6.267914553110492,pass
rna_00688__5BKN_1_JA-MA,rna_00688,5BKN_1_bb-qq,5BKN,17,JA|MA,train,6.436351246661988,pass
rna_00692__4YVK_1_C,rna_00692,4YVK_1_C,4YVK,71,C,train,3.3110615157277863,pass
rna_00702__7XSZ_1_O,rna_00702,7XSZ_1_P,7XSZ,20,O,train,16.798791591964296,pass
rna_00703__4TZX_1_A,rna_00703,4TZX_1_X,4TZX,71,A,test_struct,2.294021813351651,pass
rna_00703__4XNR_1_A,rna_00703,4XNR_1_X,4XNR,71,A,test_struct,2.5205526843556907,pass
rna_00703__5SWE_1_A,rna_00703,5SWE_1_X,5SWE,71,A,test_struct,2.825702929570383,pass
rna_00703__6VWT_1_A,rna_00703,6VWT_1_A,6VWT,71,A,test_struct,2.208242316079638,pass
rna_00703__6VWT_1_B,rna_00703,6VWT_1_B,6VWT,71,B,test_struct,2.46172001607198,pass
rna_00711__8G1I_1_A,rna_00711,8G1I_1_B,8G1I,98,A,train,18.18412592664423,pass
rna_00712__1YI2_1_B,rna_00712,1YI2_1_9,1YI2,122,B,train,7.225906342122426,pass
rna_00712__1YIJ_1_B,rna_00712,1YIJ_1_9,1YIJ,122,B,train,4.8796478803997765,pass
rna_00712__1YIT_1_F,rna_00712,1YIT_1_9,1YIT,122,F,train,5.158189329463367,pass
rna_00712__1YJ9_1_B,rna_00712,1YJ9_1_9,1YJ9,122,B,train,7.1305382283337995,pass
rna_00712__1YJN_1_B,rna_00712,1YJN_1_9,1YJN,122,B,train,7.012657683684884,pass
rna_00716__8CRX_1_XA,rna_00716,8CRX_1_b,8CRX,120,XA,train,5.3322129036963,pass
rna_00716__8CVM_1_CA,rna_00716,8CVM_1_b,8CVM,120,CA,train,5.091681483473697,pass
rna_00717__3J79_1_B,rna_00717,3J79_1_B,3J79,118,B,train,5.455608960522089,pass
rna_00717__3JBN_1_JA,rna_00717,3JBN_1_AB,3JBN,118,JA,train,4.504947981305658,pass
rna_00717__3JBO_1_JA,rna_00717,3JBO_1_AB,3JBO,118,JA,train,5.678071168844303,pass
rna_00717__3JBP_1_JA,rna_00717,3JBP_1_AB,3JBP,118,JA,train,6.434522639647371,pass
rna_00717__5UMD_1_B,rna_00717,5UMD_1_B,5UMD,118,B,train,6.526838612077223,pass
rna_00718__5Y7M_1_B,rna_00718,5Y7M_1_B,5Y7M,51,B,train,5.015621283290655,pass
rna_00718__5Y7M_1_D,rna_00718,5Y7M_1_D,5Y7M,51,D,train,4.012876939224276,pass
rna_00719__1ZDI_1_B,rna_00719,1ZDI_1_S,1ZDI,13,B,train,3.2441483355978264,pass
rna_00719__2BNY_1_E,rna_00719,2BNY_1_S,2BNY,13,E,train,2.7896562857014273,pass
rna_00721__5UX0_1_B,rna_00721,5UX0_1_B,5UX0,20,B,train,8.097668967086667,pass
rna_00723__7JRT_1_A,rna_00723,7JRT_1_A,7JRT,134,A,val,5.199931226418062,pass
rna_00723__7JRT_1_B,rna_00723,7JRT_1_B,7JRT,134,B,val,7.224786644788779,pass
rna_00725__7URI_1_A,rna_00725,7URI_1_y,7URI,90,A,train,3.828561668239076,pass
rna_00725__7URM_1_A,rna_00725,7URM_1_v,7URM,90,A,train,6.58498976478126,pass
rna_00731__5MC6_1_JA,rna_00731,5MC6_1_m,5MC6,76,JA,train,4.81508357943125,pass
rna_00731__6TNU_1_KA,rna_00731,6TNU_1_m,6TNU,76,KA,train,5.484853781409194,pass
rna_00731__7NRC_1_JA,rna_00731,7NRC_1_Sm,7NRC,76,JA,train,4.79416549657216,pass
rna_00735__4B3R_1_V-W,rna_00735,4B3R_1_Z-W,4B3R,19,V|W,train,1.5183321079445016,pass
rna_00735__4B3S_1_V-W,rna_00735,4B3S_1_Z-W,4B3S,19,V|W,train,1.9032146334709144,pass
rna_00735__4B3T_1_V-W,rna_00735,4B3T_1_Z-W,4B3T,19,V|W,train,1.3573442401677662,pass
rna_00737__3MIJ_1_A,rna_00737,3MIJ_1_A,3MIJ,12,A,train,2.6391095136423965,pass
rna_00740__3CIY_1_A-B,rna_00740,3CIY_1_C-D,3CIY,92,A|B,train,4.4278961398382135,pass
rna_00742__4UN3_1_A,rna_00742,4UN3_1_A,4UN3,81,A,train,12.589433856429027,pass
rna_00742__6K3Z_1_A,rna_00742,6K3Z_1_A,6K3Z,81,A,train,14.877849269862434,pass
rna_00742__6K4Q_1_A,rna_00742,6K4Q_1_A,6K4Q,81,A,train,15.177911727150068,pass
rna_00742__6K57_1_A,rna_00742,6K57_1_A,6K57,81,A,train,19.186980193909793,pass
rna_00743__6UFM_1_A,rna_00743,6UFM_1_A,6UFM,77,A,train,2.822919934185422,pass
rna_00748__8OZE_1_G__repeat01,rna_00748,8OZE_1_N,8OZE,20,G,train,18.49497903801633,pass
rna_00748__8OZE_1_G__repeat02,rna_00748,8OZE_1_A,8OZE,20,G,train,16.488392404384342,pass
rna_00750__7LMA_1_G,rna_00750,7LMA_1_B,7LMA,156,G,test_flex,17.58127212815906,pass
rna_00750__7UY5_1_G,rna_00750,7UY5_1_B,7UY5,156,G,test_flex,18.296354638311538,pass
rna_00750__7UY6_1_G,rna_00750,7UY6_1_B,7UY6,156,G,test_flex,23.93584749885255,pass
rna_00752__4FRN_1_A,rna_00752,4FRN_1_A,4FRN,102,A,train,4.553793737645167,pass
rna_00752__4FRN_1_B,rna_00752,4FRN_1_B,4FRN,102,B,train,3.5743723902930253,pass
rna_00755__5JCF_1_B-C-E-F,rna_00755,5JCF_1_Y-X,5JCF,41,B|C|E|F,train,4.677808456722362,pass
rna_00756__6ZWW_1_E,rna_00756,6ZWW_1_B,6ZWW,12,E,train,6.716665773016491,pass
rna_00756__6ZWW_1_F,rna_00756,6ZWW_1_D,6ZWW,12,F,train,7.662018574432205,pass
rna_00758__6TZ2_1_C-D-E,rna_00758,6TZ2_1_N-T-M,6TZ2,90,C|D|E,train,15.703612966790825,pass
rna_00760__7DTE_1_E-F,rna_00760,7DTE_1_F-G,7DTE,62,E|F,train,4.154509372688117,pass
rna_00761__6WYB_1_B,rna_00761,6WYB_1_B,6WYB,11,B,train,5.294447276301634,pass
rna_00763__1AQ3_1_B,rna_00763,1AQ3_1_S,1AQ3,12,B,train,2.7686916490958198,pass
rna_00767__6TB7_1_A,rna_00767,6TB7_1_A,6TB7,52,A,test_struct,2.3489140489752525,pass
rna_00767__6TF1_1_A,rna_00767,6TF1_1_A,6TF1,52,A,test_struct,4.6357284252917506,pass
rna_00767__6TF2_1_A,rna_00767,6TF2_1_A,6TF2,52,A,test_struct,2.019807487052597,pass
rna_00767__6TF3_1_A,rna_00767,6TF3_1_A,6TF3,52,A,test_struct,2.4890051873547887,pass
rna_00767__6TFE_1_A,rna_00767,6TFE_1_A,6TFE,52,A,test_struct,2.8846181129821176,pass
rna_00770__2FQN_1_A-B,rna_00770,2FQN_1_A-B,2FQN,43,A|B,train,4.562654359551847,pass
rna_00770__2O3V_1_A-B,rna_00770,2O3V_1_A-B,2O3V,43,A|B,train,4.557445465829848,pass
rna_00770__2O3W_1_A-B,rna_00770,2O3W_1_A-B,2O3W,43,A|B,train,3.9928425512192085,pass
rna_00770__2O3Y_1_A-B,rna_00770,2O3Y_1_A-B,2O3Y,43,A|B,train,3.8030567633221706,pass
rna_00771__7PZY_1_B,rna_00771,7PZY_1_3,7PZY,121,B,train,6.172493034127366,pass
rna_00771__7Q08_1_B,rna_00771,7Q08_1_3,7Q08,121,B,train,10.284613150024974,pass
rna_00771__7Q0F_1_B,rna_00771,7Q0F_1_3,7Q0F,121,B,train,5.623456306269175,pass
rna_00771__7Q0P_1_B,rna_00771,7Q0P_1_3,7Q0P,121,B,train,8.083551096428312,pass
rna_00771__7Q0R_1_B,rna_00771,7Q0R_1_3,7Q0R,121,B,train,6.100045358926029,pass
rna_00776__8BF7_1_BB,rna_00776,8BF7_1_4,8BF7,77,BB,train,4.079706956554641,pass
rna_00776__8BH4_1_AB,rna_00776,8BH4_1_4,8BH4,77,AB,train,4.327146656071142,pass
rna_00776__8BHJ_1_AB,rna_00776,8BHJ_1_4,8BHJ,77,AB,train,3.5220806930742756,pass
rna_00776__8BHN_1_BB,rna_00776,8BHN_1_4,8BHN,77,BB,train,3.2616554198618486,pass
rna_00779__3NDB_1_C,rna_00779,3NDB_1_M,3NDB,136,C,train,5.667267209517558,pass
rna_00783__4V6M_1_C,rna_00783,4V6M_1_AV,4V6M,77,C,train,4.431290986252445,pass
rna_00784__4WZJ_1_GC,rna_00784,4WZJ_1_V,4WZJ,68,GC,train,14.048787073802178,pass
rna_00784__4WZJ_1_HC,rna_00784,4WZJ_1_X,4WZJ,68,HC,train,14.149193212080418,pass
rna_00784__4WZJ_1_JC,rna_00784,4WZJ_1_VV,4WZJ,68,JC,train,14.375999441028869,pass
rna_00784__4WZJ_1_MC,rna_00784,4WZJ_1_VVV,4WZJ,68,MC,train,12.413284973264112,pass
rna_00784__4WZJ_1_PC,rna_00784,4WZJ_1_VVVV,4WZJ,68,PC,train,14.019767930366843,pass
rna_00788__1QA6_1_A,rna_00788,1QA6_1_C,1QA6,58,A,train,3.308587763046259,pass
rna_00788__1QA6_1_B,rna_00788,1QA6_1_D,1QA6,58,B,train,1.9009464868531722,pass
rna_00789__8EOS_1_I,rna_00789,8EOS_1_R,8EOS,13,I,train,4.274010389827022,pass
rna_00789__8EOT_1_G,rna_00789,8EOT_1_R,8EOT,13,G,train,5.174786960005888,pass
rna_00795__3HTX_1_B-C,rna_00795,3HTX_1_B-C,3HTX,44,B|C,train,2.886265481114762,pass
rna_00795__3HTX_1_E-F,rna_00795,3HTX_1_E-F,3HTX,44,E|F,train,2.8858179373224053,pass
rna_00796__5MQF_1_SA,rna_00796,5MQF_1_5,5MQF,114,SA,val,11.291691440911977,pass
rna_00796__5O9Z_1_DB,rna_00796,5O9Z_1_5,5O9Z,114,DB,val,18.894264071874336,pass
rna_00796__7ABG_1_K,rna_00796,7ABG_1_5,7ABG,114,K,val,20.0434832111319,pass
rna_00796__7ABI_1_TA,rna_00796,7ABI_1_5,7ABI,114,TA,val,13.785395289236899,pass
rna_00797__6IFN_1_I,rna_00797,6IFN_1_N,6IFN,32,I,train,14.076125486194835,pass
rna_00799__8D28_1_A,rna_00799,8D28_1_B,8D28,33,A,train,1.668784045108907,pass
rna_00799__8D28_1_B,rna_00799,8D28_1_A,8D28,33,B,train,1.5051724373245026,pass
rna_00799__8D2A_1_A,rna_00799,8D2A_1_A,8D2A,33,A,train,1.9343503850174513,pass
rna_00799__8D5O_1_A__repeat01,rna_00799,8D5O_1_B,8D5O,33,A,train,1.7132252436256086,pass
rna_00799__8D5O_1_A__repeat02,rna_00799,8D5O_1_A,8D5O,33,A,train,2.143084514665384,pass
rna_00800__7YPA_1_H-I,rna_00800,7YPA_1_H-I,7YPA,30,H|I,train,7.283022782346667,pass
rna_00802__5JCS_1_PA,rna_00802,5JCS_1_y,5JCS,158,PA,train,21.697544942580603,pass
rna_00804__4H5P_1_E,rna_00804,4H5P_1_E,4H5P,14,E,train,8.775657977938558,pass
rna_00804__4H5P_1_F,rna_00804,4H5P_1_F,4H5P,14,F,train,7.081829108812578,pass
rna_00804__4PMW_1_C,rna_00804,4PMW_1_C,4PMW,14,C,train,9.090523157794067,pass
rna_00804__4PMW_1_D,rna_00804,4PMW_1_D,4PMW,14,D,train,7.77734770654153,pass
rna_00812__3SKI_1_B,rna_00812,3SKI_1_B,3SKI,67,B,test_struct,4.020241809798797,pass
rna_00814__6YS5_1_B,rna_00814,6YS5_1_7,6YS5,20,B,train,1.7633846613685142,pass
rna_00814__6YTF_1_B,rna_00814,6YTF_1_7,6YTF,20,B,train,1.6230366831222582,pass
rna_00816__6KWQ_1_B-C,rna_00816,6KWQ_1_B,6KWQ,42,B|C,train,4.513291771205912,pass
rna_00818__7EOG_1_A,rna_00818,7EOG_1_A,7EOG,48,A,train,2.1490879698369425,pass
rna_00818__7EOK_1_A,rna_00818,7EOK_1_A,7EOK,48,A,train,3.1293953964749774,pass
rna_00818__7EOL_1_A,rna_00818,7EOL_1_A,7EOL,48,A,train,2.1249606585681398,pass
rna_00818__7EOM_1_A,rna_00818,7EOM_1_A,7EOM,48,A,train,2.4477869806241794,pass
rna_00818__7EON_1_A,rna_00818,7EON_1_A,7EON,48,A,train,2.541562934268445,pass
rna_00822__6I7O_1_DF,rna_00822,6I7O_1_m,6I7O,75,DF,train,4.1900500270140695,pass
rna_00822__6Q8Y_1_JA,rna_00822,6Q8Y_1_m,6Q8Y,75,JA,train,3.9872363328209253,pass
rna_00822__6T4Q_1_BC,rna_00822,6T4Q_1_7,6T4Q,75,BC,train,3.9729735029371276,pass
rna_00822__6T7I_1_CC,rna_00822,6T7I_1_7,6T7I,75,CC,train,3.7574469213766277,pass
rna_00822__7QVP_1_E,rna_00822,7QVP_1_CC,7QVP,75,E,train,3.6356235328642716,pass
rna_00825__405D_1_A-B,rna_00825,405D_1_A-B,405D,32,A|B,train,1.985918927505732,pass
rna_00829__4V4P_1_A,rna_00829,4V4P_1_AB,4V4P,123,A,train,9.374128651985835,pass
rna_00829__4V4X_1_Y,rna_00829,4V4X_1_BB,4V4X,123,Y,train,7.752121532391472,pass
rna_00829__4V4Y_1_AA,rna_00829,4V4Y_1_BB,4V4Y,123,AA,train,5.5805647012675355,pass
rna_00829__4V4Z_1_Z,rna_00829,4V4Z_1_BB,4V4Z,123,Z,train,5.9638024557638625,pass
rna_00829__5A9Z_1_B,rna_00829,5A9Z_1_AB,5A9Z,123,B,train,9.356113538820455,pass
rna_00832__5T2A_1_G,rna_00832,5T2A_1_G,5T2A,183,G,train,14.949716760891206,pass
rna_00841__6O1K_1_O,rna_00841,6O1K_1_O,6O1K,18,O,train,7.380215475402113,pass
rna_00841__6O1K_1_P,rna_00841,6O1K_1_P,6O1K,18,P,train,4.786393214203431,pass
rna_00841__6O1L_1_O,rna_00841,6O1L_1_O,6O1L,18,O,train,9.136893313466066,pass
rna_00841__6O1L_1_P,rna_00841,6O1L_1_P,6O1L,18,P,train,8.239312741038189,pass
rna_00841__6O1M_1_O,rna_00841,6O1M_1_O,6O1M,18,O,train,8.614689357419815,pass
rna_00842__6YHS_1_C-D,rna_00842,6YHS_1_8-6,6YHS,13,C|D,train,3.318983278954174,pass
rna_00842__6YSI_1_CA-DA,rna_00842,6YSI_1_8-6,6YSI,13,CA|DA,train,3.8893102726828683,pass
rna_00845__406D_1_A-B,rna_00845,406D_1_A-E,406D,34,A|B,train,1.806269847055575,pass
rna_00846__4QOZ_1_D,rna_00846,4QOZ_1_D,4QOZ,18,D,train,5.394738170891065,pass
rna_00847__4ZT0_1_B,rna_00847,4ZT0_1_B,4ZT0,72,B,train,11.145738959940246,pass
rna_00847__4ZT0_1_D,rna_00847,4ZT0_1_D,4ZT0,72,D,train,16.768730850355198,pass
rna_00847__4ZT9_1_B,rna_00847,4ZT9_1_B,4ZT9,72,B,train,11.794163793590766,pass
rna_00847__4ZT9_1_D,rna_00847,4ZT9_1_D,4ZT9,72,D,train,18.975313254240916,pass
rna_00851__7M50_1_Q-X,rna_00851,7M50_1_h-S,7M50,13,Q|X,train,3.7597724850556964,pass
rna_00853__8E40_1_D-E,rna_00853,8E40_1_r-R,8E40,47,D|E,train,4.401060710017317,pass
rna_00854__7A5F_1_KC,rna_00854,7A5F_1_C,7A5F,73,KC,train,8.11889420559107,pass
rna_00854__7A5G_1_NC,rna_00854,7A5G_1_C,7A5G,73,NC,train,5.593044607005317,pass
rna_00854__7A5I_1_JC,rna_00854,7A5I_1_99,7A5I,73,JC,train,8.144752437360305,pass
rna_00854__7A5I_1_LC,rna_00854,7A5I_1_X,7A5I,73,LC,train,13.801624576950298,pass
rna_00854__7A5K_1_MC,rna_00854,7A5K_1_FE,7A5K,73,MC,train,6.5232510033093,pass
rna_00855__5VCF_1_A-B,rna_00855,5VCF_1_A-B,5VCF,34,A|B,train,4.77122151913375,pass
rna_00855__5VCI_1_A-B,rna_00855,5VCI_1_A-B,5VCI,34,A|B,train,2.9190025503502075,pass
rna_00858__3NVK_1_I-J,rna_00858,3NVK_1_L-S,3NVK,27,I|J,train,8.84669907483789,pass
rna_00863__5ND8_1_X,rna_00863,5ND8_1_B,5ND8,114,X,train,7.550830683350635,pass
rna_00863__5ND9_1_X,rna_00863,5ND9_1_B,5ND9,114,X,train,7.362459803924805,pass
rna_00863__7ASO_1_A,rna_00863,7ASO_1_C,7ASO,114,A,train,8.362719169082078,pass
rna_00863__7ASP_1_C,rna_00863,7ASP_1_3,7ASP,114,C,train,9.647240040756824,pass
rna_00866__4V9S_1_W,rna_00866,4V9S_1_AX,4V9S,76,W,train,3.796946218730592,pass
rna_00866__4WT8_1_EC,rna_00866,4WT8_1_D4,4WT8,76,EC,train,3.3860868396170343,pass
rna_00866__7K00_1_CB,rna_00866,7K00_1_Z,7K00,76,CB,train,4.027465027606747,pass
rna_00866__8AYE_1_CA,rna_00866,8AYE_1_Z,8AYE,76,CA,train,3.701086141329675,pass
rna_00866__8B7Y_1_CA,rna_00866,8B7Y_1_n,8B7Y,76,CA,train,3.9623904897701396,pass
rna_00867__1NUJ_1_A-B-D-E,rna_00867,1NUJ_1_A-B,1NUJ,48,A|B|D|E,test_flex,12.294472249913262,pass
rna_00867__1NUJ_1_A-C-D-E-F,rna_00867,1NUJ_1_E-F,1NUJ,61,A|C|D|E|F,test_flex,6.127141808655409,pass
rna_00867__1NUJ_1_C-D,rna_00867,1NUJ_1_C-D,1NUJ,24,C|D,test_flex,2.037885465009131,pass
rna_00867__429D_1_A-B,rna_00867,429D_1_A-B,429D,24,A|B,test_flex,1.80463013786766,pass
rna_00867__429D_1_C-D,rna_00867,429D_1_C-D,429D,24,C|D,test_flex,2.5868387037540463,pass
rna_00869__1ZBI_1_A,rna_00869,1ZBI_1_C,1ZBI,12,A,val,7.528445651871921,pass
rna_00869__1ZBL_1_A,rna_00869,1ZBL_1_C,1ZBL,12,A,val,8.119045193143329,pass
rna_00869__4WKJ_1_A-C,rna_00869,4WKJ_1_D,4WKJ,24,A|C,val,7.378281311069167,pass
rna_00869__4WKJ_1_C,rna_00869,4WKJ_1_A,4WKJ,12,C,val,5.828772117465532,pass
rna_00869__4WKJ_1_C-E,rna_00869,4WKJ_1_C,4WKJ,24,C|E,val,15.210545877982712,pass
rna_00874__4WJ4_1_B,rna_00874,4WJ4_1_B,4WJ4,76,B,train,4.157504636089324,pass
rna_00881__5FK6_1_A,rna_00881,5FK6_1_A,5FK6,94,A,train,4.755621840736498,pass
rna_00882__7XD8_1_B-C,rna_00882,7XD8_1_B-C,7XD8,21,B|C,train,3.150833265260435,pass
rna_00882__7XD8_1_K-L,rna_00882,7XD8_1_K-L,7XD8,21,K|L,train,1.7893153040778764,pass
rna_00882__7XD8_1_N-O,rna_00882,7XD8_1_N-O,7XD8,21,N|O,train,2.49558764685228,pass
rna_00882__7XD9_1_B-C,rna_00882,7XD9_1_B-C,7XD9,21,B|C,train,3.1198506491180753,pass
rna_00882__7XD9_1_H-I,rna_00882,7XD9_1_H-I,7XD9,21,H|I,train,2.6385801373496576,pass
rna_00885__7UO1_1_B,rna_00885,7UO1_1_C,7UO1,82,B,train,6.4041230415445645,pass
rna_00888__3SN2_1_B,rna_00888,3SN2_1_B,3SN2,29,B,train,3.605939713395968,pass
rna_00892__5BKL_1_HA-LA,rna_00892,5BKL_1_UU-ll,5BKL,12,HA|LA,train,4.999482063306699,pass
rna_00893__3WQZ_1_C,rna_00893,3WQZ_1_C,3WQZ,75,C,train,3.7299847810904243,pass
rna_00895__5JC3_1_B-C,rna_00895,5JC3_1_X-Y,5JC3,20,B|C,train,2.0085588753482586,pass
rna_00895__5JC3_1_E-F,rna_00895,5JC3_1_C-D,5JC3,20,E|F,train,1.4653110388299264,pass
rna_00895__5JCF_1_C-E-F,rna_00895,5JCF_1_C-D,5JCF,31,C|E|F,train,6.828428276632498,pass
rna_00895__5JCH_1_B-C,rna_00895,5JCH_1_X-Y,5JCH,20,B|C,train,1.3251050131076079,pass
rna_00895__5JCH_1_E-F,rna_00895,5JCH_1_U-V,5JCH,20,E|F,train,1.823247431943064,pass
rna_00897__5XWG_1_A,rna_00897,5XWG_1_A,5XWG,15,A,train,5.409165510870713,pass
rna_00898__4NFO_1_B-C,rna_00898,4NFO_1_B-C,4NFO,32,B|C,train,2.458987166953732,pass
rna_00900__4V6X_1_JC,rna_00900,4V6X_1_A7,4V6X,121,JC,train,5.736406995800597,pass
rna_00904__6FF4_1_E,rna_00904,6FF4_1_6,6FF4,95,E,train,19.492348605266567,pass
rna_00904__6FF7_1_E,rna_00904,6FF7_1_6,6FF7,95,E,train,24.343801092470702,pass
rna_00905__5E3H_1_B-C,rna_00905,5E3H_1_B-C,5E3H,24,B|C,train,1.779372860751112,pass
rna_00908__2W2H_1_E-F__repeat01,rna_00908,2W2H_1_S,2W2H,44,E|F,train,4.50652154518114,pass
rna_00908__2W2H_1_E-F__repeat02,rna_00908,2W2H_1_R,2W2H,44,E|F,train,5.969863987035801,pass
rna_00916__5MGP_1_CB,rna_00916,5MGP_1_x,5MGP,77,CB,train,4.424817953225637,pass
rna_00916__6ENF_1_AB,rna_00916,6ENF_1_x,6ENF,77,AB,train,4.574345737232564,pass
rna_00916__6SZS_1_BB,rna_00916,6SZS_1_x,6SZS,77,BB,train,3.745570577276381,pass
rna_00916__7Z20_1_EA,rna_00916,7Z20_1_v,7Z20,77,EA,train,4.183972530277584,pass
rna_00916__7ZOD_1_CA,rna_00916,7ZOD_1_v,7ZOD,77,CA,train,4.111875513415504,pass
rna_00918__5UDZ_1_C,rna_00918,5UDZ_1_V,5UDZ,24,C,train,2.729372126557764,pass
rna_00926__5BKN_1_P-W,rna_00926,5BKN_1_e,5BKN,18,P|W,train,6.766837165309936,pass
rna_00926__6QIC_1_B,rna_00926,6QIC_1_E,6QIC,11,B,train,7.9372460159045675,pass
rna_00926__7M3T_1_P-W,rna_00926,7M3T_1_e,7M3T,18,P|W,train,8.015637331272222,pass
rna_00928__2NPZ_1_A-B-C-D,rna_00928,2NPZ_1_D-C-A-B,2NPZ,61,A|B|C|D,test_struct,2.421447196171477,pass
rna_00928__3GS1_1_A-B-C-D,rna_00928,3GS1_1_D-C-A-B,3GS1,61,A|B|C|D,test_struct,2.5200031947934995,pass
rna_00929__8SPO_1_C,rna_00929,8SPO_1_C,8SPO,19,C,train,7.193268747025166,pass
rna_00929__8SPO_1_O,rna_00929,8SPO_1_O,8SPO,19,O,train,12.678545406856182,pass
rna_00930__4V6V_1_FB,rna_00930,4V6V_1_Ba,4V6V,120,FB,train,5.45368729142716,pass
rna_00939__7BZF_1_E-F,rna_00939,7BZF_1_F-G,7BZF,19,E|F,train,1.6968433431538499,pass
rna_00941__6NUD_1_C-G,rna_00941,6NUD_1_H-U,6NUD,68,C|G,train,16.31595131387136,pass
rna_00947__6G3B_1_C,rna_00947,6G3B_1_C,6G3B,11,C,train,6.454924472188005,pass
rna_00949__4M4O_1_B,rna_00949,4M4O_1_B,4M4O,59,B,train,3.5602211067689864,pass
rna_00951__6P5N_1_DC,rna_00951,6P5N_1_1,6P5N,207,DC,train,12.691199973994221,pass
rna_00952__6W6L_1_TA,rna_00952,6W6L_1_v,6W6L,76,TA,train,4.073969598553774,pass
rna_00952__7QGG_1_CC,rna_00952,7QGG_1_v,7QGG,76,CC,train,5.490334388493313,pass
rna_00954__6ALF_1_C,rna_00954,6ALF_1_R,6ALF,12,C,train,6.975822553591679,pass
rna_00954__6J9E_1_H,rna_00954,6J9E_1_I,6J9E,12,H,train,12.690013170507733,pass
rna_00954__6J9F_1_H,rna_00954,6J9F_1_I,6J9F,12,H,train,4.951731790783173,pass
rna_00955__6T7T_1_BC,rna_00955,6T7T_1_7,6T7T,76,BC,train,8.241739266250239,pass
rna_00955__6T7T_1_CC,rna_00955,6T7T_1_6,6T7T,76,CC,train,4.499782272208664,pass
rna_00955__6T83_1_AC,rna_00955,6T83_1_6b,6T83,76,AC,train,4.139885121378903,pass
rna_00955__6T83_1_CF,rna_00955,6T83_1_8,6T83,76,CF,train,3.552436849385923,pass
rna_00956__1OOA_1_A,rna_00956,1OOA_1_C,1OOA,29,A,train,2.141481861583279,pass
rna_00956__1OOA_1_B,rna_00956,1OOA_1_D,1OOA,29,B,train,3.5167107470120533,pass
rna_00958__4J5V_1_B,rna_00958,4J5V_1_B,4J5V,19,B,train,5.313324719376236,pass
rna_00961__2CSX_1_A,rna_00961,2CSX_1_C,2CSX,75,A,train,3.7824956624740826,pass
rna_00961__2CSX_1_B,rna_00961,2CSX_1_D,2CSX,75,B,train,4.027492030287387,pass
rna_00964__1ZX7_1_E-F,rna_00964,1ZX7_1_E-F,1ZX7,29,E|F,train,2.269714136454407,pass
rna_00964__1ZX7_1_F,rna_00964,1ZX7_1_F,1ZX7,14,F,train,7.532707537073744,pass
rna_00964__1ZZ5_1_A-B-C-D,rna_00964,1ZZ5_1_A-C-B-D,1ZZ5,58,A|B|C|D,train,4.017760718938724,pass
rna_00964__2A04_1_A-B-C-D,rna_00964,2A04_1_A-C-B-D,2A04,58,A|B|C|D,train,4.2706879249520115,pass
rna_00965__6HU6_1_A-B-C-D,rna_00965,6HU6_1_B-F,6HU6,57,A|B|C|D,train,4.347533550880046,pass
rna_00966__7RGU_1_B,rna_00966,7RGU_1_B,7RGU,28,B,train,3.293824065139586,pass
rna_00966__7RGU_1_D,rna_00966,7RGU_1_D,7RGU,28,D,train,2.9236869116922586,pass
rna_00966__7RGU_1_F,rna_00966,7RGU_1_F,7RGU,28,F,train,2.2368501461603416,pass
rna_00966__7RGU_1_H,rna_00966,7RGU_1_H,7RGU,28,H,train,2.7824158669210064,pass
rna_00977__7K9M_1_C,rna_00977,7K9M_1_C,7K9M,66,C,train,2.438736545495347,pass
rna_00977__7KA0_1_C,rna_00977,7KA0_1_C,7KA0,66,C,train,2.490298729373141,pass
rna_00977__7KA0_1_F,rna_00977,7KA0_1_F,7KA0,66,F,train,2.7151286973684825,pass
rna_00977__7KAB_1_C,rna_00977,7KAB_1_C,7KAB,66,C,train,2.7443230938370746,pass
rna_00978__3DW4_1_A,rna_00978,3DW4_1_A,3DW4,27,A,test_struct,2.1332525033579848,pass
rna_00978__5D99_1_A,rna_00978,5D99_1_A,5D99,27,A,test_struct,1.9248894010891509,pass
rna_00979__4U3L_1_A-B,rna_00979,4U3L_1_A-B,4U3L,16,A|B,train,1.264543248852992,pass
rna_00979__4U3R_1_A-B,rna_00979,4U3R_1_A-B,4U3R,16,A|B,train,1.2688671568907897,pass
rna_00979__4U47_1_A-B,rna_00979,4U47_1_A-B,4U47,16,A|B,train,1.472156725914968,pass
rna_00979__4U78_1_A-B,rna_00979,4U78_1_A-B,4U78,16,A|B,train,1.4626249978053714,pass
rna_00980__7MQA_1_A,rna_00980,7MQA_1_L0,7MQA,16,A,train,15.453086259695828,pass
rna_00982__4M6D_1_L,rna_00982,4M6D_1_L,4M6D,43,L,train,2.161642815418022,pass
rna_00987__1J2B_1_A,rna_00987,1J2B_1_C,1J2B,77,A,train,11.818021155323523,pass
rna_00988__6OJ2_1_AC__repeat01,rna_00988,6OJ2_1_XW,6OJ2,76,AC,train,6.08764469938857,pass
rna_00988__6OJ2_1_W__repeat02,rna_00988,6OJ2_1_QW,6OJ2,76,W,train,4.975280429298742,pass
rna_00990__2QUX_1_A,rna_00990,2QUX_1_C,2QUX,25,A,train,3.75903756258096,pass
rna_00990__2QUX_1_B,rna_00990,2QUX_1_F,2QUX,25,B,train,3.252957575492323,pass
rna_00990__2QUX_1_C,rna_00990,2QUX_1_I,2QUX,25,C,train,2.7789708526281003,pass
rna_00990__2QUX_1_D,rna_00990,2QUX_1_L,2QUX,25,D,train,2.9162470174349395,pass
rna_00990__2QUX_1_E,rna_00990,2QUX_1_O,2QUX,25,E,train,2.731877621796793,pass
rna_00993__6SPB_1_B,rna_00993,6SPB_1_B,6SPB,117,B,train,4.844019772488136,pass
rna_00993__6SPF_1_B,rna_00993,6SPF_1_B,6SPF,117,B,train,6.215560220400317,pass
rna_00993__6SPG_1_W,rna_00993,6SPG_1_B,6SPG,117,W,train,5.407459393869324,pass
rna_00993__7UNR_1_Z,rna_00993,7UNR_1_B,7UNR,117,Z,train,5.0936757830004415,pass
rna_00993__7UNU_1_Z,rna_00993,7UNU_1_B,7UNU,117,Z,train,9.328401286694952,pass
rna_00997__7TQB_1_C,rna_00997,7TQB_1_A,7TQB,13,C,train,6.3006309938754175,pass
rna_00998__6X5M_1_E-F,rna_00998,6X5M_1_R,6X5M,51,E|F,train,3.8679201160974155,pass
rna_00998__6X5M_1_G-H,rna_00998,6X5M_1_r,6X5M,51,G|H,train,4.003776129380622,pass
rna_00998__6X5N_1_E-F,rna_00998,6X5N_1_R,6X5N,51,E|F,train,2.098045557442103,pass
rna_00998__6X5N_1_G-H,rna_00998,6X5N_1_r,6X5N,51,G|H,train,4.178593675489112,pass
rna_00999__7NWW_1_BB,rna_00999,7NWW_1_z,7NWW,88,BB,train,5.406711154536903,pass
rna_00999__7OIF_1_BB,rna_00999,7OIF_1_z,7OIF,88,BB,train,6.812497568467748,pass
rna_00999__7OIG_1_BB,rna_00999,7OIG_1_z,7OIG,88,BB,train,5.323558654891434,pass
rna_01000__4TUX_1_D,rna_01000,4TUX_1_C,4TUX,25,D,train,7.241781138216339,pass
rna_01005__4EN5_1_A,rna_01005,4EN5_1_A,4EN5,52,A,train,3.8552811569959067,pass
rna_01007__6XJQ_1_A,rna_01007,6XJQ_1_A,6XJQ,58,A,train,3.207337881940598,pass
rna_01007__6XJY_1_A,rna_01007,6XJY_1_A,6XJY,58,A,train,2.907255928529998,pass
rna_01007__6XJY_1_B,rna_01007,6XJY_1_B,6XJY,58,B,train,3.4777963182432408,pass
rna_01007__6XJZ_1_A,rna_01007,6XJZ_1_A,6XJZ,58,A,train,3.1149671284491274,pass
rna_01007__6XJZ_1_B,rna_01007,6XJZ_1_B,6XJZ,58,B,train,2.4750184436385045,pass
rna_01008__6P5I_1_IA,rna_01008,6P5I_1_1,6P5I,205,IA,train,10.911769109439536,pass
rna_01008__6P5J_1_IA,rna_01008,6P5J_1_1,6P5J,205,IA,train,12.751150065602362,pass
rna_01008__6P5K_1_CC,rna_01008,6P5K_1_1,6P5K,205,CC,train,13.229194959842834,pass
rna_01009__1MSY_1_A,rna_01009,1MSY_1_A,1MSY,27,A,test_struct,2.268305761186181,pass
rna_01010__6UES_1_A,rna_01010,6UES_1_A,6UES,119,A,train,5.837609242567153,pass
rna_01010__6UET_1_A,rna_01010,6UET_1_A,6UET,119,A,train,6.80530479501304,pass
rna_01010__6WLQ_3_A,rna_01010,6WLQ_3_A,6WLQ,119,A,train,4.104927830119559,pass
rna_01010__6WLR_9_A,rna_01010,6WLR_9_A,6WLR,119,A,train,5.609817531445338,pass
rna_01018__4NHA_1_B,rna_01018,4NHA_1_B,4NHA,16,B,train,9.22189801536518,pass
rna_01019__7JL0_1_A-B,rna_01019,7JL0_1_X-Y,7JL0,28,A|B,train,2.0856106465621584,pass
rna_01019__7JL1_1_B-C,rna_01019,7JL1_1_X-Y,7JL1,28,B|C,train,1.9085397882111692,pass
rna_01021__2CT8_1_A,rna_01021,2CT8_1_C,2CT8,74,A,train,3.8338470418415374,pass
rna_01021__2CT8_1_B,rna_01021,2CT8_1_D,2CT8,74,B,train,3.3686237789627893,pass
rna_01022__1KOG_1_A,rna_01022,1KOG_1_I,1KOG,37,A,train,2.939300990114303,pass
rna_01022__1KOG_1_B,rna_01022,1KOG_1_J,1KOG,37,B,train,2.4885249068497513,pass
rna_01022__1KOG_1_C,rna_01022,1KOG_1_K,1KOG,37,C,train,2.8291015025575494,pass
rna_01022__1KOG_1_D,rna_01022,1KOG_1_L,1KOG,37,D,train,2.996678097813497,pass
rna_01022__1KOG_1_F,rna_01022,1KOG_1_N,1KOG,37,F,train,2.7276685372033405,pass
rna_01023__8D9E_1_B-C,rna_01023,8D9E_1_C-D,8D9E,57,B|C,train,17.17355984650882,pass
rna_01024__6HMA_1_B,rna_01024,6HMA_1_B,6HMA,115,B,train,4.603762960087486,pass
rna_01024__6S0X_1_B,rna_01024,6S0X_1_B,6S0X,115,B,train,8.231933110710209,pass
rna_01024__6S12_1_B,rna_01024,6S12_1_B,6S12,115,B,train,7.663566806971114,pass
rna_01024__6S13_1_B,rna_01024,6S13_1_B,6S13,115,B,train,10.28682199603406,pass
rna_01024__6YEF_1_W,rna_01024,6YEF_1_B,6YEF,115,W,train,7.946777464762391,pass
rna_01025__6D8F_1_B,rna_01025,6D8F_1_C,6D8F,18,B,train,8.569080159060873,pass
rna_01025__6D92_1_B,rna_01025,6D92_1_C,6D92,18,B,train,10.913845319620723,pass
rna_01025__6D95_1_B,rna_01025,6D95_1_B,6D95,18,B,train,11.653783229990927,pass
rna_01025__6D95_1_E,rna_01025,6D95_1_H,6D95,18,E,train,6.919523240949911,pass
rna_01025__6D9K_1_B,rna_01025,6D9K_1_C,6D9K,18,B,train,6.3402782884078555,pass
rna_01027__5KL8_1_C,rna_01027,5KL8_1_C,5KL8,11,C,train,6.169526767418348,pass
rna_01029__8BTD_1_YB,rna_01029,8BTD_1_v,8BTD,75,YB,train,4.478188095899364,pass
rna_01029__8BTR_1_YB,rna_01029,8BTR_1_v,8BTR,75,YB,train,4.790289891690277,pass
rna_01035__7LH5_1_V,rna_01035,7LH5_1_AV,7LH5,76,V,train,4.053004832596323,pass
rna_01047__2PXT_1_A,rna_01047,2PXT_1_B,2PXT,49,A,train,5.492889164428126,pass
rna_01049__2O5I_1_B,rna_01049,2O5I_1_H,2O5I,16,B,train,9.68536446638657,pass
rna_01049__2O5I_1_E,rna_01049,2O5I_1_Y,2O5I,16,E,train,7.358429384148244,pass
rna_01049__2O5J_1_B,rna_01049,2O5J_1_H,2O5J,16,B,train,5.581044194187085,pass
rna_01049__2O5J_1_E,rna_01049,2O5J_1_Y,2O5J,16,E,train,14.112444923556549,pass
rna_01049__2PPB_1_B,rna_01049,2PPB_1_H,2PPB,16,B,train,9.978682346555033,pass
rna_01050__4TUX_1_C,rna_01050,4TUX_1_D,4TUX,26,C,train,5.6500495325405105,pass
rna_01054__5AMQ_1_B-D,rna_01054,5AMQ_1_B-c,5AMQ,24,B|D,train,6.095039602214937,pass
rna_01054__5AMR_1_B-C,rna_01054,5AMR_1_B-C,5AMR,24,B|C,train,9.867430300471408,pass
rna_01057__4ZLD_1_B,rna_01057,4ZLD_1_B,4ZLD,17,B,train,3.0605366703777506,pass
rna_01064__7OFZ_1_B,rna_01064,7OFZ_1_C,7OFZ,19,B,train,4.695355541926079,pass
rna_01068__8OZ6_1_C,rna_01068,8OZ6_1_I,8OZ6,18,C,test_flex,9.35831024497743,pass
rna_01068__8OZ6_1_G,rna_01068,8OZ6_1_K,8OZ6,18,G,test_flex,9.343542981104578,pass
rna_01068__8OZ6_1_M,rna_01068,8OZ6_1_M,8OZ6,18,M,test_flex,9.22032468447229,pass
rna_01068__8OZ6_1_N,rna_01068,8OZ6_1_N,8OZ6,18,N,test_flex,13.530858602137384,pass
rna_01068__8OZD_1_D,rna_01068,8OZD_1_F,8OZD,18,D,test_flex,9.96132527203279,pass
rna_01070__7UO5_1_B,rna_01070,7UO5_1_B,7UO5,373,B,train,14.647061209012131,pass
rna_01085__1EGK_1_A,rna_01085,1EGK_1_A,1EGK,20,A,train,18.30893635186984,pass
rna_01085__1EGK_1_A-C,rna_01085,1EGK_1_C,1EGK,40,A|C,train,12.154408034186657,pass
rna_01089__2QKK_1_A,rna_01089,2QKK_1_C,2QKK,14,A,val,6.180043690130429,pass
rna_01089__2QKK_1_C,rna_01089,2QKK_1_G,2QKK,14,C,val,8.191485621754978,pass
rna_01089__2QKK_1_E-K,rna_01089,2QKK_1_K,2QKK,27,E|K,val,12.608810332090977,pass
rna_01089__2QKK_1_G,rna_01089,2QKK_1_O,2QKK,14,G,val,7.380677853060237,pass
rna_01089__4H8K_1_C,rna_01089,4H8K_1_C,4H8K,14,C,val,5.474575495059314,pass
rna_01092__2QUW_1_A-B-C-D,rna_01092,2QUW_1_B,2QUW,134,A|B|C|D,train,4.979379851859964,pass
rna_01092__2QUW_1_C-D,rna_01092,2QUW_1_D,2QUW,67,C|D,train,6.323421363684065,pass
rna_01094__3E5C_1_A,rna_01094,3E5C_1_A,3E5C,52,A,train,4.167702283888868,pass
rna_01094__3E5F_1_A,rna_01094,3E5F_1_A,3E5F,52,A,train,5.122170838033996,pass
rna_01096__6GTE_1_B,rna_01096,6GTE_1_B,6GTE,29,B,train,10.06893734820098,pass
rna_01096__6GTF_1_B,rna_01096,6GTF_1_B,6GTF,29,B,train,8.687011371232595,pass
rna_01105__3RG5_1_A,rna_01105,3RG5_1_A,3RG5,86,A,train,4.6174751570156705,pass
rna_01105__3RG5_1_B,rna_01105,3RG5_1_B,3RG5,86,B,train,4.728285740598122,pass
rna_01106__2PXP_1_A,rna_01106,2PXP_1_B,2PXP,49,A,train,5.260904385090513,pass
rna_01109__3ZLA_1_I,rna_01109,3ZLA_1_I,3ZLA,44,I,train,16.965595748128237,pass
rna_01109__3ZLA_1_J,rna_01109,3ZLA_1_J,3ZLA,44,J,train,22.763021479248135,pass
rna_01109__4BHH_1_D,rna_01109,4BHH_1_R,4BHH,44,D,train,16.262361671117088,pass
rna_01115__8D4A_1_B,rna_01115,8D4A_1_B,8D4A,41,B,train,12.90335223522505,pass
rna_01115__8D4B_1_B,rna_01115,8D4B_1_B,8D4B,41,B,train,14.287171941714968,pass
rna_01117__2ZY6_1_A,rna_01117,2ZY6_1_A,2ZY6,38,A,train,2.8162288745504998,pass
rna_01118__472D_1_A-B,rna_01118,472D_1_A-B,472D,16,A|B,train,1.3227109804707793,pass
rna_01120__7BKP_1_B-C,rna_01120,7BKP_1_X-Z,7BKP,28,B|C,train,1.6833975073521197,pass
rna_01123__7OOP_1_O,rna_01123,7OOP_1_P,7OOP,21,O,train,16.58778438558058,pass
rna_01123__7OPC_1_O,rna_01123,7OPC_1_P,7OPC,21,O,train,9.085971721995653,pass
rna_01123__7OPD_1_O,rna_01123,7OPD_1_P,7OPD,21,O,train,9.380658757424817,pass
rna_01124__1MME_1_A-B-C-D__repeat01,rna_01124,1MME_1_D-C,1MME,82,A|B|C|D,train,3.007812333907137,pass
rna_01124__1MME_1_A-B-C-D__repeat02,rna_01124,1MME_1_B-A,1MME,82,A|B|C|D,train,3.479629729731345,pass
rna_01124__299D_1_A-B,rna_01124,299D_1_B-A,299D,41,A|B,train,7.623025991470585,pass
rna_01124__301D_1_A-B,rna_01124,301D_1_B-A,301D,41,A|B,train,3.075927242860173,pass
rna_01128__4V61_1_W,rna_01128,4V61_1_BB,4V61,117,W,train,13.627567754495859,pass
rna_01128__5H1S_1_C,rna_01128,5H1S_1_B,5H1S,117,C,train,7.334422318699324,pass
rna_01128__5X8P_1_H,rna_01128,5X8P_1_B,5X8P,117,H,train,5.570448191709503,pass
rna_01128__5X8T_1_H,rna_01128,5X8T_1_B,5X8T,117,H,train,6.8145889351837035,pass
rna_01129__5WTY_1_C,rna_01129,5WTY_1_C,5WTY,11,C,train,7.227152280453778,pass
rna_01129__5WTY_1_D,rna_01129,5WTY_1_D,5WTY,11,D,train,9.109177348663996,pass
rna_01129__5WZH_1_B,rna_01129,5WZH_1_B,5WZH,11,B,train,5.113106404826631,pass
rna_01129__5WZK_1_B,rna_01129,5WZK_1_B,5WZK,11,B,train,4.467046124066982,pass
rna_01130__1J1U_1_A,rna_01130,1J1U_1_B,1J1U,74,A,train,2.902521971469142,pass
rna_01131__6IR9_1_M,rna_01131,6IR9_1_P,6IR9,16,M,train,10.919539049716555,pass
rna_01131__6J4Z_1_M,rna_01131,6J4Z_1_P,6J4Z,16,M,train,9.42816082703953,pass
rna_01131__6J50_1_M,rna_01131,6J50_1_P,6J50,16,M,train,8.55736018806563,pass
rna_01137__7KQN_1_B,rna_01137,7KQN_1_B,7KQN,18,B,train,13.357993397853496,pass
rna_01137__7KQN_1_E,rna_01137,7KQN_1_E,7KQN,18,E,train,8.509907348294984,pass
rna_01139__6IA2_1_A-B,rna_01139,6IA2_1_A-B,6IA2,38,A|B,train,2.4763843331865925,pass
rna_01143__2PXD_1_A,rna_01143,2PXD_1_B,2PXD,49,A,train,3.496444675489854,pass
rna_01144__5CNR_1_A-B,rna_01144,5CNR_1_A-B,5CNR,27,A|B,train,3.687426634836973,pass
rna_01144__5CNR_1_C-D,rna_01144,5CNR_1_E-F,5CNR,27,C|D,train,3.8631133805013596,pass
rna_01145__7XYB_1_G,rna_01145,7XYB_1_R,7XYB,14,G,train,5.506662889800969,pass
rna_01147__4X0B_1_B,rna_01147,4X0B_1_B,4X0B,77,B,train,4.885604395644538,pass
rna_01149__6E8T_1_B,rna_01149,6E8T_1_C,6E8T,36,B,train,1.7764928689212056,pass
rna_01149__6E8T_1_C,rna_01149,6E8T_1_B,6E8T,36,C,train,3.256298999818862,pass
rna_01149__6E8T_1_D,rna_01149,6E8T_1_A,6E8T,36,D,train,2.261534153393976,pass
rna_01153__2YDH_1_A,rna_01153,2YDH_1_A,2YDH,94,A,train,3.9211184847829763,pass
rna_01157__3DS7_1_A,rna_01157,3DS7_1_A,3DS7,67,A,test_struct,2.269330519933009,pass
rna_01157__3DS7_1_B,rna_01157,3DS7_1_B,3DS7,67,B,test_struct,2.6567979067799907,pass
rna_01158__7YGB_1_B,rna_01158,7YGB_1_N,7YGB,393,B,test_flex,4.924653624823944,pass
rna_01159__7EDT_1_A-B,rna_01159,7EDT_1_A-B,7EDT,24,A|B,train,1.6104709877693546,pass
rna_01164__6Y0Y_1_A,rna_01164,6Y0Y_1_A,6Y0Y,27,A,guard,1.8947804879527221,pass
rna_01169__1GID_1_A-B__repeat01,rna_01169,1GID_1_B,1GID,316,A|B,test_struct,4.779613497401654,pass
rna_01169__1GID_1_A-B__repeat02,rna_01169,1GID_1_A,1GID,316,A|B,test_struct,7.688551009766506,pass
rna_01172__4V50_1_DB,rna_01172,4V50_1_CW,4V50,17,DB,train,2.7414254395405075,pass
rna_01172__4V50_1_B-C,rna_01172,4V50_1_AW,4V50,23,B|C,train,2.333212893020867,pass
rna_01172__4V6D_1_V,rna_01172,4V6D_1_AV,4V6D,17,V,train,1.1918438343424629,pass
rna_01172__4V6D_1_XB,rna_01172,4V6D_1_CV,4V6D,17,XB,train,1.874675108613646,pass
rna_01179__4PDB_1_B,rna_01179,4PDB_1_I,4PDB,38,B,train,4.549550608522668,pass
rna_01182__6TQB_1_B,rna_01182,6TQB_1_B,6TQB,19,B,train,1.3850045222896268,pass
rna_01185__5ZKJ_1_C,rna_01185,5ZKJ_1_C,5ZKJ,12,C,train,6.104697183186143,pass
rna_01185__5ZKJ_1_E,rna_01185,5ZKJ_1_E,5ZKJ,12,E,train,5.184466415416914,pass
rna_01188__2CKY_1_A,rna_01188,2CKY_1_A,2CKY,77,A,test_struct,2.8341326899383095,pass
rna_01188__2CKY_1_B,rna_01188,2CKY_1_B,2CKY,77,B,test_struct,2.485933997542155,pass
rna_01188__3D2G_1_A-B__repeat01,rna_01188,3D2G_1_A,3D2G,154,A|B,test_struct,3.8896438029998803,pass
rna_01188__3D2G_1_A-B__repeat02,rna_01188,3D2G_1_B,3D2G,154,A|B,test_struct,20.683121747661147,pass
rna_01188__3D2V_1_A-B,rna_01188,3D2V_1_A,3D2V,154,A|B,test_struct,6.381594436489039,pass
rna_01192__1Q93_1_A,rna_01192,1Q93_1_A,1Q93,27,A,train,1.593710734931505,pass
rna_01192__1Q93_1_B,rna_01192,1Q93_1_B,1Q93,27,B,train,1.3961236834131603,pass
rna_01192__1Q93_1_C,rna_01192,1Q93_1_C,1Q93,27,C,train,1.3744588332680783,pass
rna_01193__1XP7_1_A-B,rna_01193,1XP7_1_A-B,1XP7,46,A|B,guard,2.667026863482448,pass
rna_01194__2K4C_1_A,rna_01194,2K4C_1_A,2K4C,76,A,train,4.750834059366079,pass
rna_01194__6BY1_1_LA__repeat01,rna_01194,6BY1_1_AW,6BY1,76,LA,train,3.2675818516061654,pass
rna_01194__6BY1_1_E__repeat02,rna_01194,6BY1_1_AY,6BY1,76,E,train,5.29128765499744,pass
rna_01194__6BY1_1_D__repeat03,rna_01194,6BY1_1_AV,6BY1,76,D,train,5.408993087760233,pass
rna_01194__6BY1_1_IB__repeat04,rna_01194,6BY1_1_BV,6BY1,76,IB,train,4.003605544484418,pass
rna_01208__7XD3_1_A,rna_01208,7XD3_1_N,7XD3,423,A,test_flex,8.819606675069892,pass
rna_01208__7XD4_1_A,rna_01208,7XD4_1_N,7XD4,423,A,test_flex,9.84372456209565,pass
rna_01210__6QNQ_1_V,rna_01210,6QNQ_1_1K,6QNQ,65,V,train,2.784256184111994,pass
rna_01211__2XSL_1_A-B-C,rna_01211,2XSL_1_A-B,2XSL,21,A|B|C,train,6.712523588881692,pass
rna_01211__2XSL_1_C-D,rna_01211,2XSL_1_C-D,2XSL,14,C|D,train,1.1083017695367707,pass
rna_01214__2EES_1_A,rna_01214,2EES_1_A,2EES,67,A,test_struct,3.251662008240484,pass
rna_01215__7NHN_1_FA,rna_01215,7NHN_1_B,7NHN,114,FA,train,5.892703105364566,pass
rna_01216__8P4A_1_B,rna_01216,8P4A_1_P,8P4A,19,B,train,9.427805347824672,pass
rna_01217__1ZDK_1_A,rna_01217,1ZDK_1_R,1ZDK,19,A,train,1.4463501887329893,pass
rna_01217__1ZDK_1_B,rna_01217,1ZDK_1_S,1ZDK,19,B,train,1.743200813894051,pass
rna_01218__2OE6_1_A-B,rna_01218,2OE6_1_B-A,2OE6,33,A|B,train,2.6294101893147896,pass
rna_01218__2OE8_1_A-B,rna_01218,2OE8_1_B-A,2OE8,33,A|B,train,2.2236360158894057,pass
rna_01220__4K50_1_E,rna_01220,4K50_1_F,4K50,31,E,train,13.823951262907013,pass
rna_01222__7ZOL_1_B,rna_01222,7ZOL_1_C,7ZOL,39,B,test_flex,17.63600142026498,pass
rna_01222__7ZOQ_1_C,rna_01222,7ZOQ_1_C,7ZOQ,39,C,test_flex,20.977698696135526,pass
rna_01227__4M6D_1_B,rna_01227,4M6D_1_B,4M6D,41,B,train,2.3052527483773826,pass
rna_01227__4M6D_1_F,rna_01227,4M6D_1_F,4M6D,41,F,train,2.683394398488148,pass
rna_01227__4M6D_1_J,rna_01227,4M6D_1_J,4M6D,41,J,train,2.034837271471445,pass
rna_01228__2DU5_1_A,rna_01228,2DU5_1_D,2DU5,71,A,train,4.417734042973061,pass
rna_01230__7NHK_1_J,rna_01230,7NHK_1_B,7NHK,114,J,train,6.912094399992576,pass
rna_01231__6OJ2_1_CC,rna_01231,6OJ2_1_XY,6OJ2,76,CC,train,5.932705533377868,pass
rna_01233__6ICZ_1_F,rna_01233,6ICZ_1_B,6ICZ,97,F,val,17.489556102862114,pass
rna_01234__7OYA_1_YB,rna_01234,7OYA_1_71,7OYA,120,YB,train,4.163944624592358,pass
rna_01234__7OYB_1_C,rna_01234,7OYB_1_71,7OYB,120,C,train,3.9749103591643578,pass
rna_01236__3D0U_1_A,rna_01236,3D0U_1_A,3D0U,161,A,train,4.032036642658311,pass
rna_01236__3D0X_1_A,rna_01236,3D0X_1_A,3D0X,161,A,train,5.19976011265514,pass
rna_01236__4ERJ_1_A,rna_01236,4ERJ_1_A,4ERJ,161,A,train,4.109044826850282,pass
rna_01236__4ERL_1_A,rna_01236,4ERL_1_A,4ERL,161,A,train,4.405049310059406,pass
rna_01239__7ELH_1_S-T,rna_01239,7ELH_1_N-O,7ELH,64,S|T,train,5.713783318642038,pass
rna_01244__6BJX_1_A-B__repeat01,rna_01244,6BJX_1_B,6BJX,316,A|B,test_struct,5.894336953035219,pass
rna_01244__6BJX_1_A-B__repeat02,rna_01244,6BJX_1_A,6BJX,316,A|B,test_struct,5.873419665844519,pass
rna_01244__6D8L_1_A-B__repeat01,rna_01244,6D8L_1_A,6D8L,316,A|B,test_struct,5.510175521153728,pass
rna_01244__6D8L_1_A-B__repeat02,rna_01244,6D8L_1_B,6D8L,316,A|B,test_struct,4.748038624108929,pass
rna_01246__7Y2P_1_A-B,rna_01246,7Y2P_1_A-B,7Y2P,26,A|B,train,2.0722759126532964,pass
rna_01247__1L8V_1_A-B__repeat01,rna_01247,1L8V_1_B,1L8V,314,A|B,test_struct,9.727747508061276,pass
rna_01247__1L8V_1_A-B__repeat02,rna_01247,1L8V_1_A,1L8V,314,A|B,test_struct,6.026260080572108,pass
rna_01249__6O8W_1_W,rna_01249,6O8W_1_B,6O8W,116,W,train,8.426065418973208,pass
rna_01249__6O8Z_1_U,rna_01249,6O8Z_1_B,6O8Z,116,U,train,6.978289178181568,pass
rna_01249__6W6P_1_U,rna_01249,6W6P_1_B,6W6P,116,U,train,8.748300822452912,pass
rna_01249__6WU9_1_B,rna_01249,6WU9_1_B,6WU9,116,B,train,5.344767630039971,pass
rna_01252__3SSF_1_A,rna_01252,3SSF_1_A,3SSF,12,A,train,7.907026742540184,pass
rna_01253__4V4X_1_C,rna_01253,4V4X_1_AD,4V4X,76,C,train,6.803395367834357,pass
rna_01253__4V4Z_1_C,rna_01253,4V4Z_1_AD,4V4Z,76,C,train,5.412914459715541,pass
rna_01259__1DUQ_1_A-B-C-D__repeat01,rna_01259,1DUQ_1_D-C,1DUQ,52,A|B|C|D,train,3.059874085920662,pass
rna_01259__1DUQ_1_A-B-C-D__repeat02,rna_01259,1DUQ_1_B-A,1DUQ,52,A|B|C|D,train,3.4596599588635977,pass
rna_01259__1DUQ_1_E-F-G-H,rna_01259,1DUQ_1_F-E,1DUQ,52,E|F|G|H,train,4.711252643608096,pass
rna_01259__1DUQ_1_G-H,rna_01259,1DUQ_1_H-G,1DUQ,26,G|H,train,2.4037532669884225,pass
rna_01261__2R22_1_A-B,rna_01261,2R22_1_A-B,2R22,26,A|B,train,1.6566359178079946,pass
rna_01266__2EEW_1_A,rna_01266,2EEW_1_A,2EEW,67,A,test_struct,2.718882694097397,pass
rna_01269__4ILM_1_D,rna_01269,4ILM_1_C,4ILM,16,D,train,3.90687007688921,pass
rna_01269__4ILM_1_F,rna_01269,4ILM_1_E,4ILM,16,F,train,5.9316039173629935,pass
rna_01269__4ILM_1_H,rna_01269,4ILM_1_G,4ILM,16,H,train,7.101125002159711,pass
rna_01269__4ILM_1_J,rna_01269,4ILM_1_I,4ILM,16,J,train,4.609529113010142,pass
rna_01269__4ILM_1_L,rna_01269,4ILM_1_K,4ILM,16,L,train,8.382636553640607,pass
rna_01274__6QDW_1_CA,rna_01274,6QDW_1_v,6QDW,75,CA,train,5.7898312055106835,pass
rna_01274__6YS3_1_CA,rna_01274,6YS3_1_v,6YS3,75,CA,train,7.679412609255317,pass
rna_01276__2PXL_1_A,rna_01276,2PXL_1_B,2PXL,47,A,train,5.77571947613715,pass
rna_01277__7B5K_1_BB,rna_01277,7B5K_1_x,7B5K,77,BB,train,4.2431251608788,pass
rna_01278__6QCT_1_D,rna_01278,6QCT_1_V,6QCT,13,D,train,3.924214297032452,pass
rna_01278__7QTL_1_D,rna_01278,7QTL_1_V,7QTL,13,D,train,1.51275101026009,pass
rna_01279__6Q9A_1_E,rna_01279,6Q9A_1_7,6Q9A,76,E,train,4.030062553514169,pass
rna_01280__6B14_1_C,rna_01280,6B14_1_R,6B14,83,C,train,6.038611446104433,pass
rna_01285__3IWN_1_A,rna_01285,3IWN_1_A,3IWN,93,A,train,4.60508210307283,pass
rna_01285__3IWN_1_B,rna_01285,3IWN_1_B,3IWN,93,B,train,4.262314466178164,pass
rna_01286__7UR5_1_A__repeat01,rna_01286,7UR5_1_w,7UR5,90,A,train,4.318284424122423,pass
rna_01286__7UR5_1_A__repeat02,rna_01286,7UR5_1_y,7UR5,90,A,train,6.1139432509895935,pass
rna_01286__7UR5_1_A__repeat03,rna_01286,7UR5_1_v,7UR5,90,A,train,7.228053009196711,pass
rna_01287__2ZM5_1_C,rna_01287,2ZM5_1_C,2ZM5,74,C,train,3.1349691604366905,pass
rna_01287__2ZXU_1_C,rna_01287,2ZXU_1_C,2ZXU,74,C,train,2.817819651324714,pass
rna_01287__3J9Z_1_C,rna_01287,3J9Z_1_S7,3J9Z,74,C,train,5.290277696522177,pass
rna_01287__5T7V_1_PA,rna_01287,5T7V_1_D,5T7V,74,PA,train,5.6032107745207105,pass
rna_01294__6TNN_1_E,rna_01294,6TNN_1_V,6TNN,116,E,train,6.218710470587055,pass
rna_01296__3SKI_1_A,rna_01296,3SKI_1_A,3SKI,66,A,test_struct,2.293038945994148,pass
rna_01296__3SKZ_1_A,rna_01296,3SKZ_1_A,3SKZ,66,A,test_struct,3.6421625099752397,pass
rna_01296__3SKZ_1_B,rna_01296,3SKZ_1_B,3SKZ,66,B,test_struct,2.741508407161271,pass
rna_01296__3SLM_1_A,rna_01296,3SLM_1_A,3SLM,66,A,test_struct,3.9071191659937017,pass
rna_01296__3SLM_1_B,rna_01296,3SLM_1_B,3SLM,66,B,test_struct,3.2183030666102583,pass
rna_01297__4V8A_1_FA__repeat01,rna_01297,4V8A_1_BB,4V8A,120,FA,train,7.661337192742795,pass
rna_01297__4V8A_1_B__repeat02,rna_01297,4V8A_1_AB,4V8A,120,B,train,5.475826477050687,pass
rna_01298__8D9G_1_C-D,rna_01298,8D9G_1_C-D,8D9G,59,C|D,train,18.204947126983473,pass
rna_01302__1L1W_1_A,rna_01302,1L1W_1_A,1L1W,29,A,train,2.5145032459099355,pass
rna_01303__7XSO_1_B,rna_01303,7XSO_1_D,7XSO,35,B,train,16.876116493778422,pass
rna_01303__7Y80_1_B,rna_01303,7Y80_1_B,7Y80,35,B,train,16.794728097647944,pass
rna_01303__7Y84_1_B,rna_01303,7Y84_1_B,7Y84,35,B,train,22.91783371592961,pass
rna_01306__4GL2_1_C-F,rna_01306,4GL2_1_C-D,4GL2,24,C|F,train,1.6554117973015483,pass
rna_01306__4GL2_1_D-E,rna_01306,4GL2_1_E-F,4GL2,24,D|E,train,1.859207790199868,pass
rna_01307__4X4P_1_B,rna_01307,4X4P_1_B,4X4P,36,B,train,5.945909587480617,pass
rna_01307__4X4Q_1_B,rna_01307,4X4Q_1_B,4X4Q,36,B,train,3.057384160142616,pass
rna_01308__7EDL_1_A-B,rna_01308,7EDL_1_A-B,7EDL,43,A|B,train,4.049937980907522,pass
rna_01309__1FEU_1_A-B,rna_01309,1FEU_1_C-B,1FEU,40,A|B,train,2.3355328112898737,pass
rna_01309__1FEU_1_C-D,rna_01309,1FEU_1_F-E,1FEU,40,C|D,train,2.4591948740020015,pass
rna_01311__5XUS_1_B,rna_01311,5XUS_1_B,5XUS,40,B,val,14.125913235968936,pass
rna_01311__5XUT_1_B,rna_01311,5XUT_1_B,5XUT,40,B,val,13.799710957742322,pass
rna_01311__5XUU_1_B,rna_01311,5XUU_1_B,5XUU,40,B,val,13.645935428116967,pass
rna_01311__5XUZ_1_B,rna_01311,5XUZ_1_B,5XUZ,40,B,val,17.929784080644446,pass
rna_01311__5XUZ_1_F,rna_01311,5XUZ_1_F,5XUZ,40,F,val,14.976526175312115,pass
rna_01316__6WDB_1_FB,rna_01316,6WDB_1_7,6WDB,73,FB,train,4.247733707692548,pass
rna_01316__6WDC_1_FB,rna_01316,6WDC_1_7,6WDC,73,FB,train,3.503785193706174,pass
rna_01316__6WDH_1_FB,rna_01316,6WDH_1_7,6WDH,73,FB,train,2.8659170007896564,pass
rna_01316__6WDI_1_FB,rna_01316,6WDI_1_7,6WDI,73,FB,train,3.260845599604105,pass
rna_01318__7Y8T_1_C,rna_01318,7Y8T_1_D,7Y8T,37,C,train,17.95532860932071,pass
rna_01323__2E9R_1_A-B,rna_01323,2E9R_1_A-B,2E9R,15,A|B,train,1.741511919059707,pass
rna_01327__5FJ0_1_A-B,rna_01327,5FJ0_1_A-B,5FJ0,38,A|B,val,2.2401340160309697,pass
rna_01328__6BJG_1_C-D,rna_01328,6BJG_1_C,6BJG,42,C|D,train,3.464716202599918,pass
rna_01328__6BJH_1_C-D,rna_01328,6BJH_1_C,6BJH,42,C|D,train,4.537500569717143,pass
rna_01328__6BJV_1_C-D,rna_01328,6BJV_1_C,6BJV,42,C|D,train,3.0684634767384154,pass
rna_01332__2IZN_1_D,rna_01332,2IZN_1_R,2IZN,15,D,train,2.7661901498825014,pass
rna_01333__4V6G_1_Z,rna_01333,4V6G_1_BB,4V6G,120,Z,train,3.927857878314065,pass
rna_01335__7D8C_1_B,rna_01335,7D8C_1_B,7D8C,38,B,train,13.962554604330577,pass
rna_01337__2DET_1_A,rna_01337,2DET_1_C,2DET,70,A,train,3.828991682970045,pass
rna_01340__6DB8_1_B,rna_01340,6DB8_1_R,6DB8,60,B,train,2.4116015445101575,pass
rna_01340__6DB9_1_A,rna_01340,6DB9_1_R,6DB9,60,A,train,2.5798708901099867,pass
rna_01341__4RWN_1_B-C,rna_01341,4RWN_1_B-C,4RWN,38,B|C,train,1.9258964490482857,pass
rna_01341__4RWO_1_A-B,rna_01341,4RWO_1_B-C,4RWO,38,A|B,train,2.1893823189028496,pass
rna_01341__4S3N_1_B-C,rna_01341,4S3N_1_B-C,4S3N,38,B|C,train,2.5027073180949224,pass
rna_01346__4AQY_1_V-W,rna_01346,4AQY_1_Z-W,4AQY,21,V|W,train,4.799132538738514,pass
rna_01347__1P6V_1_B,rna_01347,1P6V_1_D,1P6V,24,B,train,3.1406386700761493,pass
rna_01348__6XN5_1_H,rna_01348,6XN5_1_R,6XN5,32,H,train,15.498505307975257,pass
rna_01349__8C4V_1_B-C,rna_01349,8C4V_1_H-V,8C4V,28,B|C,train,5.554600241953316,pass
rna_01350__2G3S_1_A-B-G,rna_01350,2G3S_1_A-B,2G3S,24,A|B|G,train,5.151060368051262,pass
rna_01350__2G3S_1_C-D-G-H-I-J,rna_01350,2G3S_1_I-J,2G3S,48,C|D|G|H|I|J,train,3.2384031905469057,pass
rna_01350__2G3S_1_C-D-I-J,rna_01350,2G3S_1_C-D,2G3S,32,C|D|I|J,train,1.7742392208469486,pass
rna_01350__2G3S_1_E-F-G-H,rna_01350,2G3S_1_E-F,2G3S,32,E|F|G|H,train,4.443868070298468,pass
rna_01352__2BQ5_1_D,rna_01352,2BQ5_1_R,2BQ5,19,D,train,1.8858990742543613,pass
rna_01354__3SUH_1_A,rna_01354,3SUH_1_X,3SUH,100,A,train,7.558627603669508,pass
rna_01354__3SUX_1_A,rna_01354,3SUX_1_X,3SUX,100,A,train,11.752134535117536,pass
rna_01354__3SUY_1_A,rna_01354,3SUY_1_X,3SUY,100,A,train,6.3065929400776435,pass
rna_01357__6WW6_1_E,rna_01357,6WW6_1_D,6WW6,17,E,train,1.7881221924587372,pass
rna_01358__3JBU_1_BB,rna_01358,3JBU_1_v,3JBU,76,BB,train,5.589175774743973,pass
rna_01359__4AOB_1_A,rna_01359,4AOB_1_A,4AOB,94,A,train,4.374641465824165,pass
rna_01361__7ACS_1_B-C,rna_01361,7ACS_1_B-C,7ACS,14,B|C,train,1.4015593682564058,pass
rna_01361__7XWZ_1_C-D,rna_01361,7XWZ_1_C-D,7XWZ,14,C|D,train,1.1650625364394738,pass
rna_01362__1RXB_1_A-B,rna_01362,1RXB_1_A-B,1RXB,16,A|B,train,1.0223701103920846,pass
rna_01362__259D_1_A-B,rna_01362,259D_1_A-B,259D,16,A|B,train,1.2242967413428731,pass
rna_01364__3GTP_1_K,rna_01364,3GTP_1_R,3GTP,13,K,train,6.894820203082836,pass
rna_01369__3P22_1_A,rna_01369,3P22_1_A,3P22,39,A,train,3.4224690835797387,pass
rna_01369__3P22_1_C,rna_01369,3P22_1_C,3P22,39,C,train,3.45497954806057,pass
rna_01369__3P22_1_E,rna_01369,3P22_1_E,3P22,39,E,train,5.475984922358905,pass
rna_01369__3P22_1_G,rna_01369,3P22_1_G,3P22,39,G,train,3.9759120533678574,pass
rna_01370__8BR8_1_E,rna_01370,8BR8_1_LE,8BR8,117,E,train,3.837429471477089,pass
rna_01370__8BRM_1_E,rna_01370,8BRM_1_LE,8BRM,117,E,train,5.941001609890109,pass
rna_01370__8BTD_1_E,rna_01370,8BTD_1_LE,8BTD,117,E,train,3.620090106926648,pass
rna_01370__8BTR_1_E,rna_01370,8BTR_1_LE,8BTR,117,E,train,4.995201129892743,pass
rna_01373__3AKZ_1_E,rna_01373,3AKZ_1_F,3AKZ,74,E,train,5.413556080123345,pass
rna_01373__3AKZ_1_F,rna_01373,3AKZ_1_H,3AKZ,74,F,train,3.8395420459930323,pass
rna_01373__3AKZ_1_G,rna_01373,3AKZ_1_G,3AKZ,74,G,train,4.231131823489383,pass
rna_01373__3AKZ_1_H,rna_01373,3AKZ_1_E,3AKZ,74,H,train,3.9939488344470067,pass
rna_01373__3AL0_1_D,rna_01373,3AL0_1_E,3AL0,74,D,train,4.521258965878835,pass
rna_01374__6BJG_1_C-D,rna_01374,6BJG_1_D,6BJG,42,C|D,train,3.1925363578904333,pass
rna_01374__6BJH_1_C-D,rna_01374,6BJH_1_D,6BJH,42,C|D,train,3.2890429405361084,pass
rna_01374__6BJV_1_C-D,rna_01374,6BJV_1_D,6BJV,42,C|D,train,5.148466897304239,pass
rna_01378__5JXS_1_B-C,rna_01378,5JXS_1_B-C,5JXS,14,B|C,train,1.9867097812165704,pass
rna_01381__6S8E_1_L-M,rna_01381,6S8E_1_V-U,6S8E,91,L|M,test_flex,19.13539024941962,pass
rna_01385__7ODF_1_E,rna_01385,7ODF_1_F,7ODF,43,E,train,16.636282074442875,pass
rna_01387__1CSL_1_A-B,rna_01387,1CSL_1_B-A,1CSL,28,A|B,test_struct,2.5627709980083675,pass
rna_01389__7ELH_1_Y-Z,rna_01389,7ELH_1_T-U,7ELH,62,Y|Z,train,3.4185757901519045,pass
rna_01390__5VW1_1_B,rna_01390,5VW1_1_C,5VW1,73,B,train,12.70827131316716,pass
rna_01393__3JBV_1_GA,rna_01393,3JBV_1_a,3JBV,117,GA,train,6.253845983830529,pass
rna_01396__2R1S_1_A-B,rna_01396,2R1S_1_A-B,2R1S,26,A|B,train,1.7367583579262522,pass
rna_01396__2R20_1_A-B,rna_01396,2R20_1_A-B,2R20,26,A|B,train,1.898469217626769,pass
rna_01396__2R21_1_A-B,rna_01396,2R21_1_A-B,2R21,26,A|B,train,1.5402642771390989,pass
rna_01397__6WW6_1_F,rna_01397,6WW6_1_C,6WW6,18,F,train,1.9013572640884522,pass
rna_01398__4V61_1_X,rna_01398,4V61_1_BC,4V61,103,X,val,8.71375240381388,pass
rna_01401__6ZLC_1_C-D,rna_01401,6ZLC_1_C-D,6ZLC,38,C|D,train,2.821283345936185,pass
rna_01403__6MUU_1_G,rna_01403,6MUU_1_G,6MUU,25,G,train,13.014759863975423,pass
rna_01404__5D8H_1_A,rna_01404,5D8H_1_A,5D8H,74,A,train,2.459534046004777,pass
rna_01407__3X1L_1_I,rna_01407,3X1L_1_I,3X1L,32,I,train,31.17907249745709,pass
rna_01410__7NT5_1_N,rna_01410,7NT5_1_N,7NT5,78,N,test_flex,36.57835749117014,pass
rna_01412__8G6R_1_D-E,rna_01412,8G6R_1_I-J,8G6R,40,D|E,train,3.379273925430438,pass
rna_01413__4P3S_1_A-B,rna_01413,4P3S_1_B-A,4P3S,43,A|B,train,3.563820465785133,pass
rna_01416__7NKC_1_D-E,rna_01416,7NKC_1_D-E,7NKC,23,D|E,train,8.637663869395926,pass
rna_01419__1QC0_1_A,rna_01419,1QC0_1_A,1QC0,9,A,train,4.971344762614556,pass
rna_01419__1QC0_1_C-D,rna_01419,1QC0_1_C-D,1QC0,38,C|D,train,2.5585004260580955,pass
rna_01425__7Y8Y_1_C-D,rna_01425,7Y8Y_1_D-E,7Y8Y,55,C|D,train,14.778005860117796,pass
rna_01426__5BKN_1_HA-LA,rna_01426,5BKN_1_UU-ll,5BKN,14,HA|LA,train,3.5075009678950373,pass
rna_01426__7M50_1_JA-MA,rna_01426,7M50_1_bb-qq,7M50,14,JA|MA,train,4.753952937848078,pass
rna_01427__6GAW_1_ZB,rna_01427,6GAW_1_AV,6GAW,71,ZB,train,3.8755318655735285,pass
rna_01427__6GAZ_1_S,rna_01427,6GAZ_1_AV,6GAZ,71,S,train,5.237802860710334,pass
rna_01427__6GB2_1_JB,rna_01427,6GB2_1_AV,6GB2,71,JB,train,5.6225345124052595,pass
rna_01427__7NQH_1_UB,rna_01427,7NQH_1_AV,7NQH,71,UB,train,8.937581324862196,pass
rna_01427__7NQL_1_OB,rna_01427,7NQL_1_AV,7NQL,71,OB,train,3.8330965577212783,pass
rna_01430__5ID6_1_B,rna_01430,5ID6_1_G,5ID6,21,B,train,2.1606707203931355,pass
rna_01430__8H9D_1_C,rna_01430,8H9D_1_G,8H9D,21,C,train,2.1597415139430107,pass
rna_01432__6IFL_1_I-J,rna_01432,6IFL_1_J-I,6IFL,70,I|J,train,12.616095431357012,pass
rna_01432__6IFR_1_I-J,rna_01432,6IFR_1_J-N,6IFR,70,I|J,train,15.203042505493233,pass
rna_01439__3VNU_1_B-C,rna_01439,3VNU_1_G-T,3VNU,12,B|C,train,1.0040613929352942,pass
rna_01441__7JQC_1_BA,rna_01441,7JQC_1_i,7JQC,143,BA,train,11.676277836073638,pass
rna_01442__5BKL_1_P-U-W,rna_01442,5BKL_1_e-P,5BKL,27,P|U|W,test_flex,7.917132226672325,pass
rna_01445__1TFW_1_A-B,rna_01445,1TFW_1_H-E,1TFW,25,A|B,train,1.6238084127330217,pass
rna_01450__1F8V_1_A,rna_01450,1F8V_1_R,1F8V,25,A,train,16.307596011309354,pass
rna_01454__5FJ4_1_D,rna_01454,5FJ4_1_D,5FJ4,35,D,test_flex,4.882391792497558,pass
rna_01454__5FJ4_1_H,rna_01454,5FJ4_1_H,5FJ4,35,H,test_flex,3.6713563466864207,pass
rna_01455__7EDM_1_A-B,rna_01455,7EDM_1_A-B,7EDM,43,A|B,train,3.930698880263815,pass
rna_01456__8EEY_1_D-E,rna_01456,8EEY_1_C-D,8EEY,66,D|E,train,13.895277707068239,pass
rna_01458__5M0I_1_E,rna_01458,5M0I_1_E,5M0I,28,E,train,4.184214694943524,pass
rna_01458__5M0I_1_F,rna_01458,5M0I_1_F,5M0I,28,F,train,4.7926403940738505,pass
rna_01458__5M0J_1_I,rna_01458,5M0J_1_E,5M0J,28,I,train,6.738836665834076,pass
rna_01458__5M0J_1_J,rna_01458,5M0J_1_F,5M0J,28,J,train,3.7703259259374495,pass
rna_01459__6HAK_1_C-D,rna_01459,6HAK_1_T-P,6HAK,37,C|D,train,2.1963134383194145,pass
rna_01459__6HAK_1_G-H,rna_01459,6HAK_1_E-F,6HAK,37,G|H,train,2.262686742463596,pass
rna_01461__4FRG_1_A,rna_01461,4FRG_1_B,4FRG,84,A,train,6.418921622786653,pass
rna_01461__4FRG_1_B,rna_01461,4FRG_1_X,4FRG,84,B,train,8.504256197722395,pass
rna_01469__3AEV_1_C,rna_01469,3AEV_1_C,3AEV,11,C,train,6.818154945291151,pass
rna_01471__5BKN_1_GA-KA,rna_01471,5BKN_1_TT-kk,5BKN,17,GA|KA,train,4.264936838177237,pass
rna_01472__6SXO_1_H,rna_01472,6SXO_1_L8,6SXO,58,H,train,3.0502413444373624,pass
rna_01474__5H1S_1_B,rna_01474,5H1S_1_C,5H1S,102,B,val,11.454921168993655,pass
rna_01474__5X8P_1_AA,rna_01474,5X8P_1_W,5X8P,102,AA,val,13.191687368752223,pass
rna_01474__5X8T_1_AA,rna_01474,5X8T_1_W,5X8T,102,AA,val,17.01204751904889,pass
rna_01477__2PLY_1_A,rna_01477,2PLY_1_C,2PLY,23,A,train,3.78240825853248,pass
rna_01477__2PLY_1_B,rna_01477,2PLY_1_E,2PLY,23,B,train,2.517339772327223,pass
rna_01477__2UWM_1_C,rna_01477,2UWM_1_C,2UWM,23,C,train,1.9254908407652473,pass
rna_01477__2UWM_1_D,rna_01477,2UWM_1_D,2UWM,23,D,train,2.173956817516316,pass
rna_01478__7EEO_1_A,rna_01478,7EEO_1_A,7EEO,14,A,train,4.758610211400132,pass
rna_01478__7EEO_1_B,rna_01478,7EEO_1_B,7EEO,14,B,train,7.547249377834548,pass
rna_01481__6I7O_1_LD__repeat01,rna_01481,6I7O_1_YS,6I7O,157,LD,train,18.560373804251775,pass
rna_01481__6I7O_1_C__repeat02,rna_01481,6I7O_1_BS,6I7O,157,C,train,19.545945248207754,pass
rna_01484__7OII_1_BB,rna_01484,7OII_1_z,7OII,85,BB,train,6.379141261378002,pass
rna_01484__7OT5_1_BB,rna_01484,7OT5_1_z,7OT5,85,BB,train,4.965912400982261,pass
rna_01489__1EXD_1_A,rna_01489,1EXD_1_B,1EXD,73,A,train,5.604772471403036,pass
rna_01494__4K4X_1_F-G-H,rna_01494,4K4X_1_F-G-H,4K4X,31,F|G|H,train,3.3419756828486222,pass
rna_01494__4K4X_1_J-K,rna_01494,4K4X_1_J-K,4K4X,29,J|K,train,3.5431252065715904,pass
rna_01496__4F8U_1_A-B,rna_01496,4F8U_1_A-B,4F8U,43,A|B,train,3.957491113427263,pass
rna_01505__4YHW_1_C-E,rna_01505,4YHW_1_E-C,4YHW,44,C|E,train,5.004156896802822,pass
rna_01505__4YHW_1_D-F,rna_01505,4YHW_1_F-D,4YHW,44,D|F,train,4.417230048049293,pass
rna_01506__8BSI_1_ZB,rna_01506,8BSI_1_y,8BSI,11,ZB,train,7.361356067867757,pass
rna_01507__5UZ9_2_M,rna_01507,5UZ9_2_M,5UZ9,60,M,train,25.214913454228785,pass
rna_01507__6VQV_1_L,rna_01507,6VQV_1_L,6VQV,60,L,train,21.147030137492717,pass
rna_01507__6VQX_1_K,rna_01507,6VQX_1_K,6VQX,60,K,train,19.946710958666625,pass
rna_01511__5F5H_1_C,rna_01511,5F5H_1_C,5F5H,21,C,train,3.527533042476798,pass
rna_01511__5F5H_1_D,rna_01511,5F5H_1_D,5F5H,21,D,train,2.4043750370237476,pass
rna_01513__1HR2_1_A-B,rna_01513,1HR2_1_B,1HR2,315,A|B,test_struct,5.766716007130018,pass
rna_01514__2F8S_1_A-B,rna_01514,2F8S_1_C-D,2F8S,44,A|B,train,2.4233647992324028,pass
rna_01515__3GTL_1_K,rna_01515,3GTL_1_R,3GTL,12,K,train,5.378009342501388,pass
rna_01517__2UXB_1_V-W,rna_01517,2UXB_1_Y-X,2UXB,11,V|W,train,3.3242942359907115,pass
rna_01519__7M3T_1_Q-X,rna_01519,7M3T_1_h-S,7M3T,13,Q|X,train,5.092369270834027,pass
rna_01519__7M50_1_AA-U,rna_01519,7M50_1_n-Y,7M50,13,U|AA,train,2.152049681088713,pass
rna_01521__4Z7L_1_G,rna_01521,4Z7L_1_C,4Z7L,14,G,train,2.9099890727996964,pass
rna_01521__4Z7L_1_H,rna_01521,4Z7L_1_F,4Z7L,14,H,train,3.685239599934773,pass
rna_01521__4Z7L_1_I,rna_01521,4Z7L_1_I,4Z7L,14,I,train,4.142899768064173,pass
rna_01522__3DIM_1_A,rna_01522,3DIM_1_A,3DIM,173,A,train,4.00284669973855,pass
rna_01522__3DIS_1_A,rna_01522,3DIS_1_A,3DIS,173,A,train,4.523887193355016,pass
rna_01522__3DJ2_1_A,rna_01522,3DJ2_1_A,3DJ2,173,A,train,6.089742930026475,pass
rna_01527__1KUQ_1_A,rna_01527,1KUQ_1_B,1KUQ,57,A,train,3.635042470484752,pass
rna_01528__7QI6_1_HA,rna_01528,7QI6_1_Ax,7QI6,71,HA,train,5.420229467808461,pass
rna_01539__7WAH_1_A-B,rna_01539,7WAH_1_R-D,7WAH,62,A|B,train,11.987111850888123,pass
rna_01544__2PY9_1_A,rna_01544,2PY9_1_E,2PY9,12,A,train,7.31186555493226,pass
rna_01544__2PY9_1_B,rna_01544,2PY9_1_F,2PY9,12,B,train,6.947265292621961,pass
rna_01545__7LJ3_1_J,rna_01545,7LJ3_1_A,7LJ3,75,J,train,4.777184368786487,pass
rna_01545__7LJ3_1_K,rna_01545,7LJ3_1_B,7LJ3,75,K,train,5.682934451004235,pass
rna_01545__7LJ3_1_L,rna_01545,7LJ3_1_C,7LJ3,75,L,train,5.120356459057084,pass
rna_01548__5FKF_1_A,rna_01548,5FKF_1_A,5FKF,94,A,train,3.1931740802118895,pass
rna_01555__6UGG_1_A,rna_01555,6UGG_1_A,6UGG,77,A,train,4.282341478565368,pass
rna_01555__6UGG_1_B,rna_01555,6UGG_1_B,6UGG,77,B,train,3.4614633316657692,pass
rna_01556__3SKL_1_A,rna_01556,3SKL_1_A,3SKL,64,A,test_struct,4.487567505879063,pass
rna_01556__3SKL_1_B,rna_01556,3SKL_1_B,3SKL,64,B,test_struct,2.24590944308368,pass
rna_01556__3SKR_1_A,rna_01556,3SKR_1_A,3SKR,64,A,test_struct,2.783866556184397,pass
rna_01556__3SKR_1_B,rna_01556,3SKR_1_B,3SKR,64,B,test_struct,5.112810724569959,pass
rna_01556__3SKT_1_A,rna_01556,3SKT_1_A,3SKT,64,A,test_struct,2.612958548011157,pass
rna_01557__6NM9_1_C,rna_01557,6NM9_1_G,6NM9,25,C,train,7.420138515489693,pass
rna_01557__6NM9_1_F,rna_01557,6NM9_1_E,6NM9,25,F,train,7.036434444994827,pass
rna_01557__6NMA_1_C,rna_01557,6NMA_1_G,6NMA,25,C,train,4.814182175047338,pass
rna_01557__6NMC_1_B,rna_01557,6NMC_1_G,6NMC,25,B,train,7.654680075879683,pass
rna_01557__6NMD_1_B,rna_01557,6NMD_1_G,6NMD,25,B,train,7.0735393341141855,pass
rna_01559__1Z43_1_A,rna_01559,1Z43_1_A,1Z43,101,A,train,4.239232026871481,pass
rna_01560__7D81_1_A,rna_01560,7D81_1_A,7D81,50,A,train,3.9878625714309313,pass
rna_01561__3PIO_1_B,rna_01561,3PIO_1_Y,3PIO,120,B,train,8.245865935065371,pass
rna_01561__3PIP_1_B,rna_01561,3PIP_1_Y,3PIP,120,B,train,7.100362697421206,pass
rna_01561__5JVG_1_B,rna_01561,5JVG_1_Y,5JVG,120,B,train,6.192522448398789,pass
rna_01561__5JVH_1_B,rna_01561,5JVH_1_Y,5JVH,120,B,train,5.903568426011225,pass
rna_01561__7A0R_1_B,rna_01561,7A0R_1_Y,7A0R,120,B,train,5.143833461734591,pass
rna_01565__7RDQ_1_I,rna_01565,7RDQ_1_I,7RDQ,11,I,train,6.068748351668834,pass
rna_01567__7YN9_1_B,rna_01567,7YN9_1_B,7YN9,38,B,train,16.77746800285977,pass
rna_01567__7YND_1_B,rna_01567,7YND_1_B,7YND,38,B,train,17.560876552051095,pass
rna_01573__6E8S_1_A,rna_01573,6E8S_1_A,6E8S,38,A,train,2.421953047897837,pass
rna_01573__6E8S_1_B,rna_01573,6E8S_1_B,6E8S,38,B,train,2.1569644730322115,pass
rna_01576__6P18_1_K,rna_01576,6P18_1_R,6P18,11,K,train,3.040288737581192,pass
rna_01576__7UBM_1_J,rna_01576,7UBM_1_R,7UBM,11,J,train,5.677025770867571,pass
rna_01576__7UBN_1_K,rna_01576,7UBN_1_R,7UBN,11,K,train,3.254518400947681,pass
rna_01579__7AS9_1_B,rna_01579,7AS9_1_2,7AS9,75,B,train,3.873335195247198,pass
rna_01581__6S0Z_1_B,rna_01581,6S0Z_1_B,6S0Z,114,B,train,8.62296519065896,pass
rna_01583__3HOU_1_DA,rna_01583,3HOU_1_6,3HOU,11,DA,train,5.478674439233642,pass
rna_01583__3HOU_1_O,rna_01583,3HOU_1_3,3HOU,11,O,train,5.6223095142415245,pass
rna_01585__6D8O_1_A-B__repeat01,rna_01585,6D8O_1_B,6D8O,316,A|B,test_struct,8.048083876804602,pass
rna_01585__6D8O_1_A-B__repeat02,rna_01585,6D8O_1_A,6D8O,316,A|B,test_struct,8.403058444533935,pass
rna_01587__2DR7_1_A,rna_01587,2DR7_1_B,2DR7,33,A,train,2.229559730975362,pass
rna_01587__2DR8_1_A,rna_01587,2DR8_1_B,2DR8,33,A,train,2.074043847673657,pass
rna_01591__6C63_1_A,rna_01591,6C63_1_A,6C63,36,A,train,2.6821595972906724,pass
rna_01591__6C63_1_B,rna_01591,6C63_1_B,6C63,36,B,train,3.93008912666843,pass
rna_01591__6C64_1_A,rna_01591,6C64_1_A,6C64,36,A,train,3.2916470957996014,pass
rna_01591__6C64_1_B,rna_01591,6C64_1_B,6C64,36,B,train,6.429494485363674,pass
rna_01595__7EGQ_1_S-T,rna_01595,7EGQ_1_J-I,7EGQ,58,S|T,train,6.375155226045703,pass
rna_01595__7EGQ_1_U-V,rna_01595,7EGQ_1_M-L,7EGQ,58,U|V,train,5.522393941022346,pass
rna_01606__6GTC_1_B,rna_01606,6GTC_1_B,6GTC,28,B,train,9.674971379413643,pass
rna_01606__6GTD_1_B,rna_01606,6GTD_1_B,6GTD,28,B,train,5.5678002876997255,pass
rna_01609__8FJK_1_FA-Y,rna_01609,8FJK_1_a5-b5,8FJK,76,Y|FA,train,4.587106950469471,pass
rna_01609__8FJL_1_Q-R,rna_01609,8FJL_1_a6-b6,8FJL,76,Q|R,train,3.196223883450114,pass
rna_01612__7A9W_1_B,rna_01612,7A9W_1_B,7A9W,16,B,train,8.22833843297502,pass
rna_01614__8CI5_1_B,rna_01614,8CI5_1_C,8CI5,11,B,train,3.53512116935047,pass
rna_01618__2ZH9_1_A,rna_01618,2ZH9_1_B,2ZH9,33,A,train,2.1333084177047654,pass
rna_01618__2ZHA_1_A,rna_01618,2ZHA_1_B,2ZHA,33,A,train,2.4243961459244443,pass
rna_01620__4J50_1_A-B,rna_01620,4J50_1_A-B,4J50,38,A|B,train,4.485911218666977,pass
rna_01620__4YN6_1_A-B,rna_01620,4YN6_1_A-B,4YN6,38,A|B,train,4.880040141223195,pass
rna_01621__1TFY_1_A-B,rna_01621,1TFY_1_H-E,1TFY,27,A|B,train,1.812828601588524,pass
rna_01621__1TFY_1_C-D,rna_01621,1TFY_1_I-F,1TFY,27,C|D,train,1.7143090691443865,pass
rna_01624__2PXU_1_A,rna_01624,2PXU_1_B,2PXU,49,A,train,5.322716813953779,pass
rna_01627__7WI9_1_A,rna_01627,7WI9_1_V,7WI9,49,A,train,4.339496571331876,pass
rna_01627__7WIB_1_A,rna_01627,7WIB_1_V,7WIB,49,A,train,4.943147368906919,pass
rna_01627__7WIE_1_A,rna_01627,7WIE_1_V,7WIE,49,A,train,5.523186245326958,pass
rna_01627__7WIF_1_A,rna_01627,7WIF_1_V,7WIF,49,A,train,2.8073606982220976,pass
rna_01627__7WII_1_A,rna_01627,7WII_1_V,7WII,49,A,train,3.9017939639108405,pass
rna_01628__3BNN_1_A-B,rna_01628,3BNN_1_A-B,3BNN,42,A|B,train,3.261852823338673,pass
rna_01628__3BNN_1_C-D,rna_01628,3BNN_1_C-D,3BNN,42,C|D,train,2.8595500789633577,pass
rna_01632__7UND_1_P,rna_01632,7UND_1_P,7UND,18,P,train,7.177883174861829,pass
rna_01633__6H58_1_DB,rna_01633,6H58_1_w,6H58,77,DB,train,5.310395828184275,pass
rna_01633__6H58_1_HD,rna_01633,6H58_1_ww,6H58,77,HD,train,3.4996491056265318,pass
rna_01635__4OO8_1_B,rna_01635,4OO8_1_B,4OO8,97,B,train,18.112140925596716,pass
rna_01635__4OO8_1_E,rna_01635,4OO8_1_E,4OO8,97,E,train,16.598395737425474,pass
rna_01636__5O2R_1_EB,rna_01636,5O2R_1_x,5O2R,77,EB,train,3.3914418243048803,pass
rna_01637__5KL1_1_C,rna_01637,5KL1_1_C,5KL1,12,C,train,9.528522958382297,pass
rna_01641__7OM7_1_K-L,rna_01641,7OM7_1_K-L,7OM7,14,K|L,train,1.7004071874828128,pass
rna_01643__7Y7Q_1_C-D,rna_01643,7Y7Q_1_C-D,7Y7Q,17,C|D,train,2.819834990195289,pass
rna_01645__1I6U_1_A,rna_01645,1I6U_1_C,1I6U,37,A,train,2.240214541974483,pass
rna_01645__1I6U_1_B,rna_01645,1I6U_1_D,1I6U,37,B,train,2.9100954356921163,pass
rna_01647__8D9H_1_B-C,rna_01647,8D9H_1_C-D,8D9H,56,B|C,train,15.871367771769487,pass
rna_01648__4PCO_1_A-B-C-D__repeat01,rna_01648,4PCO_1_C-D,4PCO,40,A|B|C|D,train,7.684120029132223,pass
rna_01648__4PCO_1_A-B-C-D__repeat02,rna_01648,4PCO_1_A-B,4PCO,40,A|B|C|D,train,5.9852718163817356,pass
rna_01651__6JQ6_1_A,rna_01651,6JQ6_1_U,6JQ6,81,A,test_flex,11.819256493513919,pass
rna_01654__5UNE_1_A-B,rna_01654,5UNE_1_A-B,5UNE,94,A|B,val,7.9669804364551995,pass
rna_01655__4V8N_1_CC__repeat01,rna_01655,4V8N_1_CW,4V8N,78,CC,train,4.669224602617746,pass
rna_01655__4V8N_1_W__repeat02,rna_01655,4V8N_1_AW,4V8N,78,W,train,5.785028200151114,pass
rna_01657__5H1K_1_C-D,rna_01657,5H1K_1_C-D,5H1K,25,C|D,train,9.514750811952046,pass
rna_01658__157D_1_A-B,rna_01658,157D_1_A-B,157D,24,A|B,train,2.4805953081506336,pass
rna_01663__3GCA_1_A,rna_01663,3GCA_1_A,3GCA,33,A,train,2.576772153931394,pass
rna_01663__3Q50_1_A,rna_01663,3Q50_1_A,3Q50,33,A,train,1.3517124257514745,pass
rna_01665__2YHM_1_K,rna_01665,2YHM_1_K,2YHM,70,K,train,41.00132632921082,pass
rna_01665__4V5V_1_K,rna_01665,4V5V_1_AK,4V5V,70,K,train,18.59736080466952,pass
rna_01665__5FVC_1_K,rna_01665,5FVC_1_K,5FVC,70,K,train,17.13442941778157,pass
rna_01667__3IQP_1_A,rna_01667,3IQP_1_A,3IQP,94,A,train,4.155435518671282,pass
rna_01667__3IQR_1_A,rna_01667,3IQR_1_A,3IQR,94,A,train,4.045769129880201,pass
rna_01668__3B31_1_A-B,rna_01668,3B31_1_A,3B31,43,A|B,test_flex,5.338685416346132,pass
rna_01668__3MJ3_1_A,rna_01668,3MJ3_1_B,3MJ3,29,A,test_flex,2.6484531215795024,pass
rna_01668__3MJA_1_A,rna_01668,3MJA_1_B,3MJA,29,A,test_flex,3.5364030775959328,pass
rna_01668__3MJB_1_A,rna_01668,3MJB_1_A,3MJB,29,A,test_flex,3.72431842775538,pass
rna_01673__6GML_1_L,rna_01673,6GML_1_P,6GML,17,L,train,7.645642539226652,pass
rna_01673__7PKS_1_O,rna_01673,7PKS_1_P,7PKS,17,O,train,8.29039016275245,pass
rna_01675__2ZZN_1_C,rna_01675,2ZZN_1_C,2ZZN,71,C,train,3.370125469448743,pass
rna_01675__2ZZN_1_D,rna_01675,2ZZN_1_D,2ZZN,71,D,train,2.8718734863392914,pass
rna_01676__3JBO_1_B,rna_01676,3JBO_1_7,3JBO,75,B,train,3.582368594731887,pass
rna_01678__6GTG_1_B,rna_01678,6GTG_1_B,6GTG,41,B,train,12.898935075803712,pass
rna_01679__7TTU_1_AA,rna_01679,7TTU_1_2,7TTU,111,AA,train,11.30128956196269,pass
rna_01679__7TTW_1_AA,rna_01679,7TTW_1_2,7TTW,111,AA,train,7.814804880488573,pass
rna_01681__3PO2_1_N,rna_01681,3PO2_1_P,3PO2,15,N,train,8.2252137638907,pass
rna_01690__2PXQ_1_B,rna_01690,2PXQ_1_B,2PXQ,49,B,train,3.97066184043581,pass
rna_01693__2E9Z_1_A-B,rna_01693,2E9Z_1_B-C,2E9Z,16,A|B,train,1.5909371122785343,pass
rna_01695__1SDR_1_A-B,rna_01695,1SDR_1_A-B,1SDR,24,A|B,train,1.4022624198922684,pass
rna_01695__1SDR_1_C-D,rna_01695,1SDR_1_C-D,1SDR,24,C|D,train,1.745462564521695,pass
rna_01697__3HJY_1_C-D-E,rna_01697,3HJY_1_D-C-E,3HJY,60,C|D|E,train,3.7620211509116936,pass
rna_01700__1AQ3_1_A,rna_01700,1AQ3_1_R,1AQ3,16,A,train,2.352238464169193,pass
rna_01700__1AQ4_1_A,rna_01700,1AQ4_1_R,1AQ4,16,A,train,2.472815345159252,pass
rna_01700__1ZDI_1_A,rna_01700,1ZDI_1_R,1ZDI,16,A,train,3.264031336654261,pass
rna_01700__2B2E_1_A,rna_01700,2B2E_1_R,2B2E,16,A,train,2.9747187191498936,pass
rna_01700__2B2G_1_A,rna_01700,2B2G_1_R,2B2G,16,A,train,1.7243612037212028,pass
rna_01704__7OFW_1_B,rna_01704,7OFW_1_C,7OFW,18,B,train,8.525893363154191,pass
rna_01705__7OMA_1_E-F,rna_01705,7OMA_1_F-E,7OMA,15,E|F,train,1.892009706035017,pass
rna_01705__7OMA_1_G-H,rna_01705,7OMA_1_H-G,7OMA,15,G|H,train,2.1794306441691793,pass
rna_01705__7OMA_1_I-J,rna_01705,7OMA_1_J-I,7OMA,15,I|J,train,2.430763466362007,pass
rna_01705__7OMA_1_K-L,rna_01705,7OMA_1_K-L,7OMA,15,K|L,train,2.611314814220395,pass
rna_01706__1G1X_1_A-B,rna_01706,1G1X_1_D-E,1G1X,84,A|B,train,3.9261432033210064,pass
rna_01708__4Z31_1_E,rna_01708,4Z31_1_E,4Z31,15,E,train,1.8846424653045273,pass
rna_01708__4Z31_1_F,rna_01708,4Z31_1_F,4Z31,15,F,train,2.560394298550299,pass
rna_01709__5F5F_1_B,rna_01709,5F5F_1_B,5F5F,20,B,train,3.0819281400065655,pass
rna_01709__5F5F_1_H,rna_01709,5F5F_1_H,5F5F,20,H,train,3.2989436142320594,pass
rna_01711__7OM6_1_C-E,rna_01711,7OM6_1_E-C,7OM6,14,C|E,train,5.52260763401276,pass
rna_01711__7OM6_1_D-F,rna_01711,7OM6_1_F-D,7OM6,14,D|F,train,1.4816610746269978,pass
rna_01711__7OM7_1_G-H,rna_01711,7OM7_1_H-G,7OM7,14,G|H,train,1.8703600724631455,pass
rna_01712__2ZM5_1_D,rna_01712,2ZM5_1_D,2ZM5,69,D,train,3.837393489190631,pass
rna_01712__2ZXU_1_D,rna_01712,2ZXU_1_D,2ZXU,69,D,train,2.8514617188599476,pass
rna_01714__2R8S_1_A,rna_01714,2R8S_1_R,2R8S,159,A,test_struct,4.588666315716115,pass
rna_01716__5FMZ_1_G,rna_01716,5FMZ_1_H,5FMZ,12,G,train,4.6113329461316335,pass
rna_01716__5FMZ_1_H,rna_01716,5FMZ_1_V,5FMZ,12,H,train,5.028369964407154,pass
rna_01716__7R1F_1_D,rna_01716,7R1F_1_V,7R1F,12,D,train,5.198492419066423,pass
rna_01716__7Z4O_1_I,rna_01716,7Z4O_1_UUU,7Z4O,12,I,train,5.101977558940595,pass
rna_01716__7Z4O_1_J,rna_01716,7Z4O_1_VVV,7Z4O,12,J,train,1.6628303086329104,pass
rna_01718__4NGB_1_B,rna_01718,4NGB_1_B,4NGB,12,B,train,4.898403775511947,pass
rna_01718__4NGD_1_B,rna_01718,4NGD_1_B,4NGD,12,B,train,4.920582823178866,pass
rna_01723__5OB3_1_A,rna_01723,5OB3_1_A,5OB3,69,A,train,3.416982571886657,pass
rna_01732__7WIA_1_A,rna_01732,7WIA_1_V,7WIA,49,A,train,5.895795015805234,pass
rna_01741__7M57_1_DC-V,rna_01741,7M57_1_V-WW,7M57,20,V|DC,test_flex,6.3041229380252926,pass
rna_01749__6UGI_1_A,rna_01749,6UGI_1_A,6UGI,31,A,train,2.067853993985838,pass
rna_01751__3OV7_1_C,rna_01751,3OV7_1_C,3OV7,34,C,train,2.839395517984745,pass
rna_01751__3OV7_1_D,rna_01751,3OV7_1_D,3OV7,34,D,train,2.104228449820659,pass
rna_01751__3OVA_1_B,rna_01751,3OVA_1_C,3OVA,34,B,train,2.6458510425027044,pass
rna_01751__3OVS_1_C,rna_01751,3OVS_1_C,3OVS,34,C,train,2.1565497605247193,pass
rna_01751__3OVS_1_D,rna_01751,3OVS_1_D,3OVS,34,D,train,3.658742773808684,pass
rna_01752__6D3P_1_A,rna_01752,6D3P_1_A,6D3P,45,A,val,7.437314806900918,pass
rna_01754__5T2A_1_F,rna_01754,5T2A_1_F,5T2A,71,F,train,13.46959244167674,pass
rna_01756__5JAJ_1_B-C,rna_01756,5JAJ_1_X-Y,5JAJ,21,B|C,train,1.876424048562478,pass
rna_01758__6SY6_1_C,rna_01758,6SY6_1_D,6SY6,36,C,train,2.6275964790852973,pass
rna_01760__7Y7P_1_C-D,rna_01760,7Y7P_1_C-D,7Y7P,18,C|D,train,2.9540155729132205,pass
rna_01761__3NKB_1_A-B,rna_01761,3NKB_1_B,3NKB,70,A|B,train,2.3646151188215594,pass
rna_01762__7O0G_1_B,rna_01762,7O0G_1_E,7O0G,17,B,train,5.62853047421866,pass
rna_01766__6W62_1_B,rna_01766,6W62_1_B,6W62,24,B,train,5.60520650796246,pass
rna_01778__6SZV_1_D,rna_01778,6SZV_1_V,6SZV,14,D,train,4.93576138349027,pass
rna_01778__6T0V_1_D,rna_01778,6T0V_1_V,6T0V,14,D,train,6.225563669638885,pass
rna_01780__6ZJ3_1_D,rna_01780,6ZJ3_1_S4,6ZJ3,76,D,train,4.8507523139323565,pass
rna_01783__435D_1_A-B-C-D__repeat01,rna_01783,435D_1_C-D,435D,28,A|B|C|D,train,2.0719264780087787,pass
rna_01783__435D_1_A-B-C-D__repeat02,rna_01783,435D_1_A-B,435D,28,A|B|C|D,train,5.793091612377128,pass
rna_01784__7XD5_1_A-B,rna_01784,7XD5_1_N,7XD5,406,A|B,test_flex,4.980222719091101,pass
rna_01785__4WSA_1_A-B,rna_01785,4WSA_1_V-R,4WSA,28,A|B,train,6.546595274364188,pass
rna_01785__5M3J_1_D-E,rna_01785,5M3J_1_V-R,5M3J,28,D|E,train,6.076880714572728,pass
rna_01785__6F5O_1_D-E,rna_01785,6F5O_1_V-R,6F5O,28,D|E,train,7.8757558970203485,pass
rna_01787__5YLZ_1_D,rna_01787,5YLZ_1_D,5YLZ,103,D,test_flex,14.772579760090375,pass
rna_01789__2AZ0_1_A-B,rna_01789,2AZ0_1_C-D,2AZ0,36,A|B,train,2.7517272356955393,pass
rna_01789__2AZ2_1_A-B,rna_01789,2AZ2_1_C-D,2AZ2,36,A|B,train,2.1216615798669856,pass
rna_01791__3BNO_1_A-B,rna_01791,3BNO_1_A-B,3BNO,42,A|B,train,4.15339276504094,pass
rna_01791__3BNO_1_C-D,rna_01791,3BNO_1_C-D,3BNO,42,C|D,train,3.6280813451347633,pass
rna_01797__2NUG_1_A-B-C-D,rna_01797,2NUG_1_E-F-C-D,2NUG,44,A|B|C|D,train,4.299924006677649,pass
rna_01798__7B0Y_1_P,rna_01798,7B0Y_1_a,7B0Y,164,P,test_flex,21.019703020103158,pass
rna_01799__5L2L_1_D-H,rna_01799,5L2L_1_D,5L2L,21,D|H,test_flex,10.309636626511521,pass
rna_01800__2AKE_1_A,rna_01800,2AKE_1_B,2AKE,72,A,train,7.814773134351975,pass
rna_01800__2AZX_1_A,rna_01800,2AZX_1_C,2AZX,72,A,train,3.0572302284772035,pass
rna_01800__2AZX_1_B,rna_01800,2AZX_1_D,2AZX,72,B,train,2.9813889428912455,pass
rna_01804__7OJK_1_B-C,rna_01804,7OJK_1_D-E,7OJK,21,B|C,train,3.0414252376114206,pass
rna_01805__1G59_1_A,rna_01805,1G59_1_B,1G59,75,A,train,4.773750867297781,pass
rna_01805__1G59_1_B,rna_01805,1G59_1_D,1G59,75,B,train,5.009932771863154,pass
rna_01805__1N77_1_A,rna_01805,1N77_1_C,1N77,75,A,train,6.584623367324869,pass
rna_01805__1N77_1_B,rna_01805,1N77_1_D,1N77,75,B,train,3.1101614591663362,pass
rna_01805__1N78_1_A,rna_01805,1N78_1_C,1N78,75,A,train,4.255107439136864,pass
rna_01807__8FJK_1_BA-U,rna_01807,8FJK_1_a1-b1,8FJK,104,U|BA,train,5.699186010372869,pass
rna_01807__8FJL_1_S-T,rna_01807,8FJL_1_a1-b1,8FJL,104,S|T,train,4.482504705292691,pass
rna_01810__4K32_1_A-B,rna_01810,4K32_1_A-B,4K32,42,A|B,train,2.68307608778236,pass
rna_01811__7AAV_1_O,rna_01811,7AAV_1_5,7AAV,69,O,train,7.233193358999142,pass
rna_01815__6ZVK_1_XA,rna_01815,6ZVK_1_E1,6ZVK,153,XA,train,14.713944178057467,pass
rna_01815__7A01_1_A,rna_01815,7A01_1_E1,7A01,153,A,train,24.121358494753903,pass
rna_01816__3IQN_1_A,rna_01816,3IQN_1_A,3IQN,94,A,train,3.328389945577854,pass
rna_01829__3FTE_1_B-C,rna_01829,3FTE_1_C-D,3FTE,44,B|C,train,2.692319862781964,pass
rna_01830__8FNI_1_B,rna_01830,8FNI_1_g,8FNI,16,B,train,13.60582086858894,pass
rna_01836__2EEV_1_A,rna_01836,2EEV_1_A,2EEV,67,A,test_struct,2.507769810194272,pass
rna_01837__8P4D_1_M,rna_01837,8P4D_1_P,8P4D,19,M,train,13.255249307789564,pass
rna_01838__5WZJ_1_B,rna_01838,5WZJ_1_B,5WZJ,11,B,train,6.235960863063776,pass
rna_01839__7MSF_1_B,rna_01839,7MSF_1_S,7MSF,11,B,train,1.0771430547965621,pass
rna_01845__6AZ4_1_A,rna_01845,6AZ4_1_A,6AZ4,32,A,test_flex,10.76808797635556,pass
rna_01847__2OZB_1_A,rna_01847,2OZB_1_C,2OZB,33,A,train,2.5265643296422082,pass
rna_01847__2OZB_1_B,rna_01847,2OZB_1_F,2OZB,33,B,train,2.7596518097521283,pass
rna_01850__4Z31_1_C-D,rna_01850,4Z31_1_C-D,4Z31,28,C|D,train,2.8237720930401493,pass
rna_01851__5V8I_1_B,rna_01851,5V8I_1_1B,5V8I,118,B,train,4.758526933256338,pass
rna_01851__5V8I_1_BB,rna_01851,5V8I_1_2B,5V8I,118,BB,train,6.027369297467885,pass
rna_01852__5MMI_1_EA,rna_01852,5MMI_1_W,5MMI,106,EA,val,7.5643619961262925,pass
rna_01852__5MMM_1_EA,rna_01852,5MMM_1_W,5MMM,106,EA,val,10.892052960875553,pass
rna_01852__6ERI_1_B,rna_01852,6ERI_1_AB,6ERI,106,B,val,9.039177086782635,pass
rna_01853__3SYW_1_A-B,rna_01853,3SYW_1_A-B,3SYW,38,A|B,train,3.1953967168752144,pass
rna_01853__3SZX_1_A-B,rna_01853,3SZX_1_A-B,3SZX,38,A|B,train,4.1081021156455035,pass
rna_01854__7TQV_1_G-H,rna_01854,7TQV_1_G-H,7TQV,66,G|H,train,3.7383150376560264,pass
rna_01855__1BMV_1_A,rna_01855,1BMV_1_M,1BMV,11,A,train,6.691199365091108,pass
rna_01858__2I91_1_C-D,rna_01858,2I91_1_F-E,2I91,23,C|D,train,5.46777535009605,pass
rna_01862__6GVY_1_B-C,rna_01862,6GVY_1_C-B,6GVY,12,B|C,train,1.6405430956662916,pass
rna_01863__2PXE_1_A,rna_01863,2PXE_1_B,2PXE,49,A,train,4.523444202728293,pass
rna_01867__7YCI_1_B,rna_01867,7YCI_1_N,7YCI,389,B,test_flex,8.967070205086292,pass
rna_01873__7S3H_1_C,rna_01873,7S3H_1_R,7S3H,30,C,train,9.95389294575745,pass
rna_01874__2V3C_1_E,rna_01874,2V3C_1_M,2V3C,96,E,train,3.907530785574831,pass
rna_01874__2V3C_1_F,rna_01874,2V3C_1_N,2V3C,96,F,train,3.1869221697676555,pass
rna_01874__4XCO_1_A,rna_01874,4XCO_1_M,4XCO,96,A,train,3.4553280723891877,pass
rna_01874__4XCO_1_C,rna_01874,4XCO_1_E,4XCO,96,C,train,2.502884889597539,pass
rna_01875__6C27_1_A,rna_01875,6C27_1_A,6C27,46,A,train,4.562454522081773,pass
rna_01875__6C27_1_B,rna_01875,6C27_1_B,6C27,46,B,train,4.901070534877798,pass
rna_01880__5FLM_1_N,rna_01880,5FLM_1_P,5FLM,14,N,train,9.404917552520416,pass
rna_01880__6EXV_1_O,rna_01880,6EXV_1_P,6EXV,14,O,train,9.100181513346856,pass
rna_01883__6ZJ3_1_C,rna_01883,6ZJ3_1_S3,6ZJ3,76,C,train,3.370194155006522,pass
rna_01885__7AQC_1_S,rna_01885,7AQC_1_T,7AQC,76,S,train,3.6354471273562967,pass
rna_01886__7M50_1_T-Z,rna_01886,7M50_1_X-m,7M50,15,T|Z,train,1.8159637398466548,pass
rna_01891__6IV8_1_C,rna_01891,6IV8_1_D,6IV8,53,C,train,14.551300369192232,pass
rna_01893__5OIK_1_N,rna_01893,5OIK_1_P,5OIK,20,N,train,9.512591899967429,pass
rna_01895__280D_1_A-B,rna_01895,280D_1_A-B,280D,24,A|B,train,1.9089208171836063,pass
rna_01895__280D_1_C-D,rna_01895,280D_1_C-D,280D,24,C|D,train,1.670560399447672,pass
rna_01896__6E9E_1_A,rna_01896,6E9E_1_B,6E9E,51,A,test_flex,15.934554920769912,pass
rna_01898__2OE5_1_A-B,rna_01898,2OE5_1_B-A,2OE5,33,A|B,train,2.0658119809782733,pass
rna_01900__255D_1_A,rna_01900,255D_1_A,255D,12,A,train,5.542130859210273,pass
rna_01901__2DU3_1_A,rna_01901,2DU3_1_D,2DU3,71,A,train,3.35802710676399,pass
rna_01901__2DU4_1_A,rna_01901,2DU4_1_C,2DU4,71,A,train,4.914536336015798,pass
rna_01903__1DI2_1_A-B-D,rna_01903,1DI2_1_C-D,1DI2,30,A|B|D,train,5.227238328336378,pass
rna_01903__1RC7_1_A-B-C-D__repeat01,rna_01903,1RC7_1_D-E,1RC7,40,A|B|C|D,train,2.656858303642726,pass
rna_01903__1RC7_1_A-B-C-D__repeat02,rna_01903,1RC7_1_B-C,1RC7,40,A|B|C|D,train,2.503707224889222,pass
rna_01904__7KGA_1_A,rna_01904,7KGA_1_A,7KGA,89,A,test_flex,7.889546064198108,pass
rna_01906__8BSI_1_E,rna_01906,8BSI_1_LE,8BSI,115,E,train,6.625601885986388,pass
rna_01911__1GAX_1_A,rna_01911,1GAX_1_C,1GAX,75,A,train,3.312013807408061,pass
rna_01911__1GAX_1_B,rna_01911,1GAX_1_D,1GAX,75,B,train,4.529531806152986,pass
rna_01911__1IVS_1_A,rna_01911,1IVS_1_C,1IVS,75,A,train,3.2702022079196684,pass
rna_01911__1IVS_1_B,rna_01911,1IVS_1_D,1IVS,75,B,train,4.835142860837751,pass
rna_01912__3GTQ_1_K,rna_01912,3GTQ_1_R,3GTQ,11,K,train,6.577115421336013,pass
rna_01915__7XC7_1_B-C,rna_01915,7XC7_1_C-J,7XC7,50,B|C,train,11.413530439282273,pass
rna_01917__1KD3_1_A-B,rna_01917,1KD3_1_A-B,1KD3,22,A|B,train,2.2112949738671808,pass
rna_01917__1KD5_1_A-B,rna_01917,1KD5_1_A-B,1KD5,22,A|B,train,2.7142653106492225,pass
rna_01918__7LYS_1_B,rna_01918,7LYS_1_B,7LYS,41,B,train,16.540986261707275,pass
rna_01920__4H5O_1_K,rna_01920,4H5O_1_K,4H5O,35,K,train,21.458134895928954,pass
rna_01920__4H5O_1_L,rna_01920,4H5O_1_L,4H5O,35,L,train,15.158514454426163,pass
rna_01920__8IUO_1_C,rna_01920,8IUO_1_F,8IUO,35,C,train,17.325876645377846,pass
rna_01922__2DER_1_A-B,rna_01922,2DER_1_C,2DER,145,A|B,train,6.253822494268716,pass
rna_01922__2DEU_1_A,rna_01922,2DEU_1_C,2DEU,74,A,train,5.579138785503372,pass
rna_01922__2DEU_1_B,rna_01922,2DEU_1_D,2DEU,74,B,train,4.9286037066044885,pass
rna_01928__6ZYM_1_C,rna_01928,6ZYM_1_6,6ZYM,79,C,train,25.197886606683316,pass
rna_01931__3M3Y_1_K,rna_01931,3M3Y_1_R,3M3Y,11,K,train,7.118272747273922,pass
rna_01932__5Y88_1_D,rna_01932,5Y88_1_D,5Y88,101,D,test_flex,19.703752187829913,pass
rna_01935__1MMS_1_A,rna_01935,1MMS_1_C,1MMS,58,A,train,1.4011514992995822,pass
rna_01935__1MMS_1_B,rna_01935,1MMS_1_D,1MMS,58,B,train,1.7355287624839677,pass
rna_01935__1OLN_1_C,rna_01935,1OLN_1_C,1OLN,58,C,train,3.239282102515168,pass
rna_01935__2JQ7_3_B,rna_01935,2JQ7_3_B,2JQ7,58,B,train,4.519731425857627,pass
rna_01944__6D6Q_1_N,rna_01944,6D6Q_1_N,6D6Q,13,N,train,7.556813337629478,pass
rna_01944__6D6R_1_N,rna_01944,6D6R_1_N,6D6R,13,N,train,4.592655992974181,pass
rna_01955__2I91_1_A-B,rna_01955,2I91_1_D-C,2I91,22,A|B,train,10.824128447946505,pass
rna_01957__3GOG_1_A,rna_01957,3GOG_1_A,3GOG,65,A,test_struct,2.189947867137879,pass
rna_01959__6R84_1_HA,rna_01959,6R84_1_B,6R84,76,HA,train,5.331392932358776,pass
rna_01959__7ZW0_1_OA__repeat01,rna_01959,7ZW0_1_sn,7ZW0,76,OA,train,3.7351811265565495,pass
rna_01959__7ZW0_1_NA__repeat02,rna_01959,7ZW0_1_sl,7ZW0,76,NA,train,3.7047221749771166,pass
rna_01960__8D1V_1_B-C,rna_01960,8D1V_1_J-N,8D1V,52,B|C,train,12.560196849484111,pass
rna_01967__8FJK_1_CA-V,rna_01967,8FJK_1_a2-b2,8FJK,120,V|CA,train,5.77138364297065,pass
rna_01967__8FJL_1_OA-PA,rna_01967,8FJL_1_a2-b2,8FJL,120,OA|PA,train,7.554668024203949,pass
rna_01968__4V6G_1_ED,rna_01968,4V6G_1_CB,4V6G,65,ED,train,2.743697970469732,pass
rna_01970__7EQJ_1_B,rna_01970,7EQJ_1_B,7EQJ,75,B,train,3.0675625810282603,pass
rna_01972__7EU0_1_M-O,rna_01972,7EU0_1_O-R,7EU0,36,M|O,test_flex,17.77275148618449,pass
rna_01974__3BNL_1_A-B,rna_01974,3BNL_1_A-B,3BNL,44,A|B,train,3.6314159652823705,pass
rna_01980__6WQN_1_Z,rna_01980,6WQN_1_2,6WQN,111,Z,train,7.942495744990983,pass
rna_01980__6WQQ_1_Z,rna_01980,6WQQ_1_2,6WQQ,111,Z,train,6.89840109107638,pass
rna_01980__6WRS_1_Z,rna_01980,6WRS_1_2,6WRS,111,Z,train,6.633576088240768,pass
rna_01986__5O60_1_C,rna_01986,5O60_1_B,5O60,118,C,train,6.467002450204126,pass
rna_01986__6DZI_1_X,rna_01986,6DZI_1_B,6DZI,118,X,train,5.979571418794316,pass
rna_01986__6DZP_1_B,rna_01986,6DZP_1_B,6DZP,118,B,train,5.788065095453762,pass
rna_01986__7S0S_1_IA,rna_01986,7S0S_1_i,7S0S,118,IA,train,5.229242056531252,pass
rna_01986__8FR8_1_E,rna_01986,8FR8_1_B,8FR8,118,E,train,5.807726292302317,pass
rna_01988__4L8R_1_A,rna_01988,4L8R_1_A,4L8R,26,A,train,6.991747582607384,pass
rna_01988__4QOZ_1_A,rna_01988,4QOZ_1_A,4QOZ,26,A,train,7.779941589321468,pass
rna_01989__4MEG_1_B,rna_01989,4MEG_1_B,4MEG,121,B,test_struct,3.5266579472719193,pass
rna_01992__1YTY_1_A-B,rna_01992,1YTY_1_C-D,1YTY,18,A|B,train,7.088340691268681,pass
rna_01992__1ZH5_1_A-B,rna_01992,1ZH5_1_C-D,1ZH5,18,A|B,train,4.183039079128264,pass
rna_01993__7ST7_1_FB,rna_01993,7ST7_1_5,7ST7,76,FB,train,3.9583076490110947,pass
rna_02000__7QCA_1_B,rna_02000,7QCA_1_L70,7QCA,119,B,train,4.378049601473081,pass
rna_02000__8P5D_1_B,rna_02000,8P5D_1_L70,8P5D,119,B,train,5.109015537858945,pass
rna_02000__8P60_1_XB__repeat01,rna_02000,8P60_1_K70,8P60,119,XB,train,10.538729020338069,pass
rna_02000__8P60_1_B__repeat02,rna_02000,8P60_1_L70,8P60,119,B,train,13.08220372274033,pass
rna_02002__2NUE_1_A,rna_02002,2NUE_1_C,2NUE,46,A,train,2.711379054414653,pass
rna_02003__3R9W_1_B,rna_02003,3R9W_1_B,3R9W,34,B,train,21.301098939651215,pass
rna_02004__3EQT_1_C-D,rna_02004,3EQT_1_C-D,3EQT,16,C|D,train,1.0943994481095352,pass
rna_02005__2A43_1_A,rna_02005,2A43_1_A,2A43,26,A,test_struct,1.48130122032535,pass
rna_02011__7X7A_1_B,rna_02011,7X7A_1_C,7X7A,33,B,train,16.221984084925502,pass
rna_02011__7X8A_1_C,rna_02011,7X8A_1_C,7X8A,33,C,train,18.597155080721993,pass
rna_02011__8D9F_1_C,rna_02011,8D9F_1_C,8D9F,33,C,train,16.731757413334165,pass
rna_02013__6SVS_1_A,rna_02013,6SVS_1_A,6SVS,77,A,train,3.2441276340722625,pass
rna_02013__6SVS_1_B,rna_02013,6SVS_1_B,6SVS,77,B,train,3.5280361583252557,pass
rna_02015__5Y58_1_C,rna_02015,5Y58_1_X,5Y58,30,C,train,2.050195784236116,pass
rna_02015__5Y58_1_F,rna_02015,5Y58_1_Y,5Y58,30,F,train,2.116256339404702,pass
rna_02015__5Y58_1_I,rna_02015,5Y58_1_Z,5Y58,30,I,train,2.2017659877362776,pass
rna_02020__6FF4_1_D,rna_02020,6FF4_1_5,6FF4,70,D,train,9.39343052239928,pass
rna_02020__6FF7_1_D,rna_02020,6FF7_1_5,6FF7,70,D,train,6.755866402760006,pass
rna_02024__4K4Z_1_B-C-D,rna_02024,4K4Z_1_B-C-D,4K4Z,32,B|C|D,train,3.919699052785104,pass
rna_02029__3SIU_1_C,rna_02029,3SIU_1_C,3SIU,28,C,train,3.346683304793191,pass
rna_02029__3SIU_1_F,rna_02029,3SIU_1_F,3SIU,28,F,train,3.400307661568926,pass
rna_02032__5W0O_1_C-D,rna_02032,5W0O_1_C-D,5W0O,30,C|D,train,2.4581647907492994,pass
rna_02037__4X2B_1_B-C,rna_02037,4X2B_1_B-C,4X2B,13,B|C,train,2.782932396427805,pass
rna_02039__4V7L_1_CC,rna_02039,4V7L_1_CW,4V7L,75,CC,train,4.387099233824641,pass
rna_02039__4V7L_1_W,rna_02039,4V7L_1_AW,4V7L,75,W,train,4.068665710276642,pass
rna_02039__5NWY_1_B,rna_02039,5NWY_1_M,5NWY,75,B,train,3.642132439659965,pass
rna_02039__7QG8_1_C,rna_02039,7QG8_1_M,7QG8,75,C,train,5.644900873167626,pass
rna_02039__7QGN_1_D,rna_02039,7QGN_1_M,7QGN,75,D,train,3.3200020430627553,pass
rna_02046__3IAB_1_C,rna_02046,3IAB_1_R,3IAB,46,C,train,7.502879634106244,pass
rna_02048__6ZJ3_1_BB,rna_02048,6ZJ3_1_LO,6ZJ3,120,BB,train,4.993847515635052,pass
rna_02051__8EGB_1_C,rna_02051,8EGB_1_R,8EGB,11,C,train,4.227959962441869,pass
rna_02054__1T0K_1_A-B,rna_02054,1T0K_1_D-C,1T0K,27,A|B,train,2.420577540154288,pass
rna_02055__8DG7_1_B-C,rna_02055,8DG7_1_F-E,8DG7,47,B|C,train,4.099136524725834,pass
rna_02061__8GAP_1_G,rna_02061,8GAP_1_B,8GAP,159,G,test_flex,18.148185988974344,pass
rna_02062__4NFO_1_A,rna_02062,4NFO_1_A,4NFO,16,A,train,7.179327489573068,pass
rna_02064__5UD5_1_C,rna_02064,5UD5_1_C,5UD5,70,C,train,3.702431847753,pass
rna_02064__5V6X_1_C,rna_02064,5V6X_1_C,5V6X,70,C,train,3.140945789172392,pass
rna_02065__6Q8U_1_A-B,rna_02065,6Q8U_1_A-B,6Q8U,42,A|B,val,2.9099808284538025,pass
rna_02068__6TZ1_1_C-E,rna_02068,6TZ1_1_T-M,6TZ1,20,C|E,train,2.996345484823497,pass
rna_02072__6VQW_1_K,rna_02072,6VQW_1_K,6VQW,40,K,train,20.719325930926125,pass
rna_02073_JKL__3OL7_1_J-K-L,rna_02073_JKL,3OL7_1_J-K-L,3OL7,35,J|K|L,train,3.75365318272018,pass
rna_02075__8FJK_1_GA-Z,rna_02075,8FJK_1_a6-b6,8FJK,60,Z|GA,train,3.9966933275407674,pass
rna_02081__1QU3_1_A,rna_02081,1QU3_1_T,1QU3,75,A,train,3.7571639946196935,pass
rna_02084__4JRD_1_A,rna_02084,4JRD_1_A,4JRD,11,A,train,2.3331442574817314,pass
rna_02084__4JRD_1_B,rna_02084,4JRD_1_B,4JRD,11,B,train,5.064184968277837,pass
rna_02085__7B9V_1_B,rna_02085,7B9V_1_5,7B9V,178,B,test_flex,12.230663934227367,pass
rna_02089__5FKG_1_A,rna_02089,5FKG_1_A,5FKG,94,A,train,4.887943996704593,pass
rna_02091__8HHL_1_A,rna_02091,8HHL_1_B,8HHL,49,A,train,14.465155406138557,pass
rna_02094__1NKW_1_B,rna_02094,1NKW_1_9,1NKW,118,B,train,8.324245145108511,pass
rna_02094__1NWX_1_B,rna_02094,1NWX_1_9,1NWX,118,B,train,9.295239720518165,pass
rna_02094__1NWY_1_B,rna_02094,1NWY_1_9,1NWY,118,B,train,8.651409522106936,pass
rna_02094__3FWO_1_B,rna_02094,3FWO_1_B,3FWO,118,B,train,5.741781941610891,pass
rna_02094__3JQ4_1_B,rna_02094,3JQ4_1_B,3JQ4,118,B,train,8.419549682436339,pass
rna_02095__4WC3_1_B,rna_02095,4WC3_1_B,4WC3,76,B,train,4.63082175012379,pass
rna_02095__5HC9_1_C,rna_02095,5HC9_1_C,5HC9,76,C,train,4.462120779024323,pass
rna_02095__5HC9_1_D,rna_02095,5HC9_1_D,5HC9,76,D,train,3.7482164480001137,pass
rna_02096__2ZKO_1_A-B,rna_02096,2ZKO_1_C-D,2ZKO,42,A|B,train,2.65949971505865,pass
rna_02098__3QJJ_1_A,rna_02098,3QJJ_1_R,3QJJ,12,A,train,7.089481689199737,pass
rna_02098__3QJJ_1_D,rna_02098,3QJJ_1_Q,3QJJ,12,D,train,6.449161045695993,pass
rna_02100__5M0H_1_A,rna_02100,5M0H_1_A,5M0H,42,A,train,2.7799466763790135,pass
rna_02101__5MSF_1_A,rna_02101,5MSF_1_R,5MSF,18,A,train,3.099110173797671,pass
rna_02102__4FNJ_1_A,rna_02102,4FNJ_1_A,4FNJ,35,A,train,2.2189352858115527,pass
rna_02105__2DR9_1_A,rna_02105,2DR9_1_B,2DR9,34,A,train,2.8316481931151385,pass
rna_02105__2DRA_1_A,rna_02105,2DRA_1_B,2DRA,34,A,train,2.2883345996902227,pass
rna_02105__2DVI_1_A,rna_02105,2DVI_1_B,2DVI,34,A,train,3.1950123040515064,pass
rna_02106__6D8N_1_A-B__repeat01,rna_02106,6D8N_1_B,6D8N,318,A|B,test_struct,10.177742129081608,pass
rna_02106__6D8N_1_A-B__repeat02,rna_02106,6D8N_1_A,6D8N,318,A|B,test_struct,8.533718870991457,pass
rna_02111__6P19_1_I,rna_02111,6P19_1_R,6P19,16,I,train,9.245961027088736,pass
rna_02114__3A2K_1_C,rna_02114,3A2K_1_C,3A2K,77,C,train,3.287702709288352,pass
rna_02114__3A2K_1_D,rna_02114,3A2K_1_D,3A2K,77,D,train,4.070313266024607,pass
rna_02116__7OZS_1_E,rna_02116,7OZS_1_3,7OZS,119,E,train,9.649020180381152,pass
rna_02116__8I9R_1_VA,rna_02116,8I9R_1_C4,8I9R,119,VA,train,6.2035268799032535,pass
rna_02117__6C65_1_A,rna_02117,6C65_1_A,6C65,36,A,train,2.9361972413277178,pass
rna_02117__6C65_1_B,rna_02117,6C65_1_B,6C65,36,B,train,4.994773481536966,pass
rna_02121__1A9N_1_A,rna_02121,1A9N_1_Q,1A9N,24,A,train,4.393854550796403,pass
rna_02121__1A9N_1_B,rna_02121,1A9N_1_R,1A9N,24,B,train,7.880224052246426,pass
rna_02128__6Q95_1_W,rna_02128,6Q95_1_8,6Q95,76,W,train,4.370162535128923,pass
rna_02129__7ELH_1_U-V,rna_02129,7ELH_1_P-Q,7ELH,60,U|V,train,3.840897757127398,pass
rna_02130__6AHD_1_C,rna_02130,6AHD_1_B,6AHD,115,C,val,20.109107962699056,pass
rna_02135__7DUH_1_V-W,rna_02135,7DUH_1_W,7DUH,21,V|W,train,2.5976220336136073,pass
rna_02141__2P7D_1_A-B-C-D-E,rna_02141,2P7D_1_D-C-P,2P7D,61,A|B|C|D|E,test_struct,2.5425078050910592,pass
rna_02141__2P7E_1_A-B-C-D-E,rna_02141,2P7E_1_D-C-P,2P7E,60,A|B|C|D|E,test_struct,3.1411649526623977,pass
rna_02143__5MMI_1_J,rna_02143,5MMI_1_B,5MMI,121,J,train,4.604106474301957,pass
rna_02143__5MMM_1_J,rna_02143,5MMM_1_B,5MMM,121,J,train,6.637969808809619,pass
rna_02146__3SJ2_1_A-B,rna_02146,3SJ2_1_A-B,3SJ2,36,A|B,train,2.931218929496423,pass
rna_02149__3KLV_1_B-C,rna_02149,3KLV_1_B-C,3KLV,12,B|C,train,1.1532744397816157,pass
rna_02149__3KMS_1_B-C,rna_02149,3KMS_1_B-C,3KMS,12,B|C,train,2.0245245954998428,pass
rna_02149__3KNA_1_B-C,rna_02149,3KNA_1_B-C,3KNA,12,B|C,train,1.469380510430375,pass
rna_02149__4IQX_1_B-C,rna_02149,4IQX_1_B-C,4IQX,12,B|C,train,1.82036112541028,pass
rna_02153__3RKF_1_A,rna_02153,3RKF_1_A,3RKF,67,A,test_struct,2.17428975390763,pass
rna_02153__3RKF_1_B,rna_02153,3RKF_1_B,3RKF,67,B,test_struct,2.6936773990495486,pass
rna_02153__3RKF_1_C,rna_02153,3RKF_1_C,3RKF,67,C,test_struct,3.1081002524316417,pass
rna_02153__3RKF_1_D,rna_02153,3RKF_1_D,3RKF,67,D,test_struct,2.404680463529001,pass
rna_02155__7VTN_1_B,rna_02155,7VTN_1_B,7VTN,56,B,train,12.45976963968438,pass
rna_02156__2DR5_1_A,rna_02156,2DR5_1_B,2DR5,32,A,train,4.018210787475818,pass
rna_02159__5UD5_1_D,rna_02159,5UD5_1_D,5UD5,72,D,train,2.8033617891229485,pass
rna_02159__5V6X_1_D,rna_02159,5V6X_1_D,5V6X,72,D,train,4.446713812930345,pass
rna_02164__5NXT_1_A,rna_02164,5NXT_1_U,5NXT,18,A,train,8.473208920789984,pass
rna_02165__8SYI_1_I,rna_02165,8SYI_1_R,8SYI,17,I,train,7.0423979106116334,pass
rna_02170__6MUS_1_F-G,rna_02170,6MUS_1_G-H,6MUS,58,F|G,train,13.42973907401837,pass
rna_02173__3NMU_1_E-J,rna_02173,3NMU_1_E-K,3NMU,46,E|J,train,8.232307654154535,pass
rna_02175__6RR7_1_E-F,rna_02175,6RR7_1_D-E,6RR7,25,E|F,train,11.841140860682307,pass
rna_02180__8G8Z_1_F,rna_02180,8G8Z_1_R,8G8Z,48,F,train,8.104007051021147,pass
rna_02182__434D_1_A-B-C-D,rna_02182,434D_1_C-D,434D,28,A|B|C|D,train,2.284596951329627,pass
rna_02182__466D_1_A-B-C-D,rna_02182,466D_1_C-D,466D,28,A|B|C|D,train,2.6441238143839882,pass
rna_02184__2ZNI_1_C,rna_02184,2ZNI_1_C,2ZNI,72,C,train,4.212798926388276,pass
rna_02184__2ZNI_1_D,rna_02184,2ZNI_1_D,2ZNI,72,D,train,4.848095290395697,pass
rna_02186__2ZH1_1_A,rna_02186,2ZH1_1_B,2ZH1,33,A,train,2.1390804074680236,pass
rna_02189__4WC2_1_B,rna_02189,4WC2_1_B,4WC2,75,B,train,4.422800971918505,pass
rna_02189__4WC6_1_B,rna_02189,4WC6_1_B,4WC6,75,B,train,3.508200766344889,pass
rna_02189__4WC7_1_B,rna_02189,4WC7_1_B,4WC7,75,B,train,5.319381464603036,pass
rna_02190__7XD9_1_E-F,rna_02190,7XD9_1_E-F,7XD9,22,E|F,train,4.351642344676981,pass
rna_02197__4FEN_1_A,rna_02197,4FEN_1_B,4FEN,67,A,test_struct,2.863935973985498,pass
rna_02203__3TZR_1_A-B,rna_02203,3TZR_1_A-B,3TZR,36,A|B,train,2.4901789430162924,pass
rna_02210__4KTG_1_B-C__repeat01,rna_02210,4KTG_1_B,4KTG,38,B|C,train,2.132466659989325,pass
rna_02210__4KTG_1_B-C__repeat02,rna_02210,4KTG_1_E,4KTG,38,B|C,train,2.600728094769396,pass
rna_02216__4FEJ_1_A,rna_02216,4FEJ_1_B,4FEJ,67,A,test_struct,3.828223341263147,pass
rna_02219__7UO7_1_D-E,rna_02219,7UO7_1_T-P,7UO7,66,D|E,train,3.637706440382203,pass
rna_02221__3MEI_1_A-B,rna_02221,3MEI_1_A-B,3MEI,46,A|B,train,3.210399214959137,pass
rna_02224__4BXX_1_N,rna_02224,4BXX_1_P,4BXX,11,N,train,6.643026634517638,pass
rna_02225__2ZH5_1_A,rna_02225,2ZH5_1_B,2ZH5,34,A,train,2.230497646957623,pass
rna_02225__2ZH6_1_A,rna_02225,2ZH6_1_B,2ZH6,34,A,train,2.9763516002562005,pass
rna_02227__6HTU_1_A-B,rna_02227,6HTU_1_D-F,6HTU,38,A|B,train,3.0743884713211984,pass
rna_02227__6HU6_1_A-B,rna_02227,6HU6_1_A-E,6HU6,38,A|B,train,2.1949708972545037,pass
rna_02228__7YG7_1_L,rna_02228,7YG7_1_U,7YG7,99,L,test_flex,26.285233869800706,pass
rna_02229__3IVN_1_A,rna_02229,3IVN_1_A,3IVN,69,A,test_struct,2.200207702663508,pass
rna_02229__3IVN_1_B,rna_02229,3IVN_1_B,3IVN,69,B,test_struct,2.248371514974661,pass
rna_02230__6MUT_1_F-G,rna_02230,6MUT_1_G-H,6MUT,39,F|G,train,12.75840109870789,pass
rna_02231__3JB7_1_D-E,rna_02231,3JB7_1_t-m,3JB7,11,D|E,train,1.6981810999717109,pass
rna_02232__361D_1_A,rna_02232,361D_1_A,361D,20,A,train,3.5737201373354504,pass
rna_02232__361D_1_B,rna_02232,361D_1_B,361D,20,B,train,3.148528138919667,pass
rna_02234__1UN6_1_D,rna_02234,1UN6_1_E,1UN6,61,D,train,2.924282851582562,pass
rna_02234__1UN6_1_E,rna_02234,1UN6_1_F,1UN6,61,E,train,3.533303870667847,pass
rna_02236__7QSH_1_A,rna_02236,7QSH_1_A,7QSH,25,A,guard,1.4720770364837616,pass
rna_02241__5BKN_1_AA-U,rna_02241,5BKN_1_Y-n,5BKN,16,U|AA,train,2.120654734357537,pass
rna_02246__4FTB_1_G,rna_02246,4FTB_1_R,4FTB,15,G,train,8.026481763642915,pass
rna_02246__4FTE_1_D,rna_02246,4FTE_1_R,4FTE,15,D,train,11.518010972331377,pass
rna_02246__4FTS_1_D,rna_02246,4FTS_1_R,4FTS,15,D,train,6.78152531059541,pass
rna_02247__2GTT_1_W,rna_02247,2GTT_1_W,2GTT,99,W,train,24.47025977270857,pass
rna_02247__8FFR_1_W,rna_02247,8FFR_1_W,8FFR,99,W,train,26.702030022309284,pass
rna_02248__5C9H_1_E-F,rna_02248,5C9H_1_G-E,5C9H,21,E|F,train,5.981560535375512,pass
rna_02253__8EKC_1_Z,rna_02253,8EKC_1_B,8EKC,120,Z,train,5.390162779969962,pass
rna_02253__8SYL_1_AA,rna_02253,8SYL_1_B,8SYL,120,AA,train,6.2989490885712724,pass
rna_02258__7JRS_1_A-B,rna_02258,7JRS_1_B-A,7JRS,258,A|B,val,5.731499034765718,pass
rna_02260__6OLF_1_DC,rna_02260,6OLF_1_u,6OLF,76,DC,train,4.436596630105646,pass
rna_02260__6OM7_1_DC,rna_02260,6OM7_1_u,6OM7,76,DC,train,4.446470339993975,pass
rna_02260__7QGG_1_BC,rna_02260,7QGG_1_u,7QGG,76,BC,train,5.653928403178346,pass
rna_02262__6OF6_1_CC,rna_02262,6OF6_1_XY,6OF6,75,CC,train,5.341900674511842,pass
rna_02262__6OF6_1_Y,rna_02262,6OF6_1_QY,6OF6,75,Y,train,5.478915038125005,pass
rna_02262__6OJ2_1_Y,rna_02262,6OJ2_1_QY,6OJ2,75,Y,train,4.9953943575302615,pass
rna_02263__6QIS_1_A-B-C-D-E-F-G-H,rna_02263,6QIS_1_A-B-C-D,6QIS,64,A|B|C|D|E|F|G|H,train,6.422624268145091,pass
rna_02264__6IV6_1_B,rna_02264,6IV6_1_G,6IV6,26,B,train,6.611020231557916,pass
rna_02265__387D_1_A,rna_02265,387D_1_A,387D,26,A,val,8.83587648882745,pass
rna_02267__1GRZ_1_A-B,rna_02267,1GRZ_1_A,1GRZ,494,A|B,test_flex,10.62503760549397,pass
rna_02267__1GRZ_1_B,rna_02267,1GRZ_1_B,1GRZ,247,B,test_flex,6.942459871903654,pass
rna_02270__5MWI_1_A,rna_02270,5MWI_1_A,5MWI,26,A,train,8.99486698707058,pass
rna_02274__5XYM_1_G,rna_02274,5XYM_1_B,5XYM,116,G,train,8.772719586785716,pass
rna_02286__6F4G_1_C-F__repeat01,rna_02286,6F4G_1_F,6F4G,50,C|F,train,5.636943995023506,pass
rna_02286__6F4G_1_C-F__repeat02,rna_02286,6F4G_1_C,6F4G,50,C|F,train,4.701357212118994,pass
rna_02288__1HMH_1_A-C-E,rna_02288,1HMH_1_A,1HMH,102,A|C|E,train,14.42387301671939,pass
rna_02288__1HMH_1_A-E,rna_02288,1HMH_1_E,1HMH,68,A|E,train,12.816419858204748,pass
rna_02288__1HMH_1_C,rna_02288,1HMH_1_C,1HMH,34,C,train,7.5155691698769065,pass
rna_02289__4U37_1_A-B,rna_02289,4U37_1_A-B,4U37,14,A|B,train,1.6595353424107493,pass
rna_02290__1WNE_1_A-B,rna_02290,1WNE_1_B-C,1WNE,13,A|B,train,4.379162688412894,pass
rna_02292__4WZM_1_B-C,rna_02292,4WZM_1_B-C,4WZM,15,B|C,train,4.247136215477404,pass
rna_02292__4WZQ_1_B-C,rna_02292,4WZQ_1_B-C,4WZQ,15,B|C,train,2.231006761865355,pass
rna_02302__7QV2_1_AB,rna_02302,7QV2_1_x,7QV2,76,AB,train,4.721636069967509,pass
rna_02308__8IDF_1_B,rna_02308,8IDF_1_B,8IDF,53,B,train,10.373657261966576,pass
rna_02310__6DDD_1_AA,rna_02310,6DDD_1_2,6DDD,104,AA,train,6.5441590994778975,pass
rna_02310__6DDG_1_AA,rna_02310,6DDG_1_2,6DDG,104,AA,train,8.202439944248006,pass
rna_02314__1XPE_1_A-B,rna_02314,1XPE_1_A-B,1XPE,46,A|B,test_struct,3.8947946984307458,pass
rna_02314__2B8R_1_A-B,rna_02314,2B8R_1_A-B,2B8R,46,A|B,test_struct,3.632157309857901,pass
rna_02318__1P6V_1_A,rna_02318,1P6V_1_B,1P6V,45,A,train,13.355679370922818,pass
rna_02319__3BT7_1_C-D__repeat01,rna_02319,3BT7_1_D,3BT7,38,C|D,train,2.764662188898835,pass
rna_02319__3BT7_1_C-D__repeat02,rna_02319,3BT7_1_C,3BT7,38,C|D,train,2.6038189316064897,pass
rna_02327__3J3V_1_F,rna_02327,3J3V_1_B,3J3V,119,F,train,6.84976571297389,pass
rna_02329__5CCB_1_C,rna_02329,5CCB_1_N,5CCB,77,C,train,5.393167694953755,pass
rna_02334__7EDN_1_A,rna_02334,7EDN_1_A,7EDN,22,A,train,11.37740355886422,pass
rna_02337__1JBS_1_A,rna_02337,1JBS_1_C,1JBS,17,A,train,3.5433074989942748,pass
rna_02337__1JBS_1_B,rna_02337,1JBS_1_D,1JBS,17,B,train,4.752055034865095,pass
rna_02339__4M2Z_1_C-D__repeat01,rna_02339,4M2Z_1_D,4M2Z,54,C|D,train,6.874699255197105,pass
rna_02339__4M2Z_1_C-D__repeat02,rna_02339,4M2Z_1_C,4M2Z,54,C|D,train,7.418281731075091,pass
rna_02346__7K16_1_A,rna_02346,7K16_1_P,7K16,51,A,train,1.8375619483934713,pass
rna_02350__4K31_1_A-B,rna_02350,4K31_1_B-C,4K31,44,A|B,train,3.399597100554443,pass
rna_02354__5KVJ_1_A-B,rna_02354,5KVJ_1_A-B,5KVJ,32,A|B,train,2.0283009500610114,pass
rna_02355__7Z4H_1_A,rna_02355,7Z4H_1_A,7Z4H,92,A,train,21.604361356779943,pass
rna_02359__8FNC_1_A,rna_02359,8FNC_1_m,8FNC,17,A,train,9.6325627775057,pass
rna_02360__5VGW_1_A-B,rna_02360,5VGW_1_A-B,5VGW,35,A|B,train,1.8749120165942923,pass
rna_02361__6CF2_1_D,rna_02361,6CF2_1_G,6CF2,35,D,train,2.5527935913388675,pass
rna_02362__6XIR_1_WB,rna_02362,6XIR_1_AX,6XIR,73,WB,train,3.9104237703273337,pass
rna_02362__6XIR_1_XB,rna_02362,6XIR_1_AZ,6XIR,73,XB,train,5.533440240624443,pass
rna_02365__6CAO_1_V-W,rna_02365,6CAO_1_W-Y,6CAO,21,V|W,train,2.8984683797334863,pass
rna_02367__7BGD_1_A,rna_02367,7BGD_1_A,7BGD,32,A,test_flex,14.055403330600228,pass
rna_02367__7KWG_1_A,rna_02367,7KWG_1_A,7KWG,32,A,test_flex,13.928295023163926,pass
rna_02369__8DP3_1_C,rna_02369,8DP3_1_R,8DP3,90,C,train,4.920893187862287,pass
rna_02371__7KRP_1_E-F,rna_02371,7KRP_1_P-T,7KRP,73,E|F,train,5.0215290990724135,pass
rna_02372__6E81_1_A,rna_02372,6E81_1_A,6E81,36,A,train,2.407945480987258,pass
rna_02372__6E84_1_A,rna_02372,6E84_1_A,6E84,36,A,train,2.074126246110618,pass
rna_02374__7QI6_1_GA,rna_02374,7QI6_1_Aw,7QI6,68,GA,train,13.618213096381181,pass
rna_02376__7RR5_1_CC,rna_02376,7RR5_1_A,7RR5,76,CC,train,5.8829205559165185,pass
rna_02382__6YMC_1_A,rna_02382,6YMC_1_A,6YMC,26,A,train,2.216915378410401,pass
rna_02382__6YMC_1_B,rna_02382,6YMC_1_B,6YMC,26,B,train,1.5752583939335054,pass
rna_02383__3IBK_1_A,rna_02383,3IBK_1_A,3IBK,11,A,train,5.479233714705934,pass
rna_02383__3IBK_1_B,rna_02383,3IBK_1_B,3IBK,11,B,train,3.690259728544184,pass
rna_02392__7S38_1_C,rna_02392,7S38_1_R,7S38,87,C,train,14.535997423651251,pass
rna_02394__6WOO_1_EC,rna_02394,6WOO_1_3,6WOO,76,EC,train,3.1877383423081094,pass
rna_02398__6LAX_1_A,rna_02398,6LAX_1_A,6LAX,55,A,train,3.297266133097726,pass
rna_02398__6LAX_1_E,rna_02398,6LAX_1_B,6LAX,55,E,train,3.7086078259354087,pass
rna_02401__6FQL_1_B,rna_02401,6FQL_1_B,6FQL,13,B,val,2.0301931678174965,pass
rna_02405__2IZN_1_E,rna_02405,2IZN_1_S,2IZN,11,E,train,3.606158311288244,pass
rna_02408__4DB2_1_I-J,rna_02408,4DB2_1_I-J,4DB2,28,I|J,train,1.8739302147132515,pass
rna_02409__7NKY_1_A,rna_02409,7NKY_1_P,7NKY,16,A,train,9.435471175014195,pass
rna_02411__7UU3_1_C-D,rna_02411,7UU3_1_C-D,7UU3,22,C|D,train,4.939241970410177,pass
rna_02412__2BQ5_1_E,rna_02412,2BQ5_1_S,2BQ5,17,E,train,2.1883028333395687,pass
rna_02414__2QKK_1_K,rna_02414,2QKK_1_X,2QKK,13,K,val,6.763451648679608,pass
rna_02418__6ZP4_1_WA,rna_02418,6ZP4_1_1,6ZP4,75,WA,train,3.076869711495771,pass
rna_02418__7A09_1_XA,rna_02418,7A09_1_f,7A09,75,XA,train,4.232956255978926,pass
rna_02428__7OZQ_1_E,rna_02428,7OZQ_1_E,7OZQ,32,E,train,3.1518153582302575,pass
rna_02428__7OZQ_1_G,rna_02428,7OZQ_1_G,7OZQ,32,G,train,2.4732078057303526,pass
rna_02428__7OZQ_1_H,rna_02428,7OZQ_1_H,7OZQ,32,H,train,2.6968432534171294,pass
rna_02430__5F9H_1_B,rna_02430,5F9H_1_B,5F9H,23,B,train,1.5721250800177042,pass
rna_02430__5F9H_1_D,rna_02430,5F9H_1_D,5F9H,23,D,train,2.193072291762393,pass
rna_02430__5F9H_1_F,rna_02430,5F9H_1_F,5F9H,23,F,train,1.57245940327626,pass
rna_02430__5F9H_1_H,rna_02430,5F9H_1_H,5F9H,23,H,train,1.824726498109326,pass
rna_02430__5F9H_1_J,rna_02430,5F9H_1_J,5F9H,23,J,train,1.8653781450307254,pass
rna_02431__7XSX_1_O,rna_02431,7XSX_1_P,7XSX,19,O,train,10.482686599370707,pass
rna_02431__7XT7_1_O,rna_02431,7XT7_1_P,7XT7,19,O,train,8.407193382959768,pass
rna_02434__1SDS_1_A,rna_02434,1SDS_1_D,1SDS,15,A,train,6.143557461264179,pass
rna_02434__1SDS_1_C,rna_02434,1SDS_1_F,1SDS,15,C,train,6.958295500841115,pass
rna_02435__6F4H_1_B,rna_02435,6F4H_1_B,6F4H,22,B,train,5.9490184866626885,pass
rna_02435__6F4H_1_D,rna_02435,6F4H_1_D,6F4H,22,D,train,3.7270563623078687,pass
rna_02435__6F4H_1_F,rna_02435,6F4H_1_F,6F4H,22,F,train,2.7246417341484794,pass
rna_02436__5MRC_1_XB,rna_02436,5MRC_1_bb,5MRC,76,XB,train,3.3495607443368574,pass
rna_02436__5MRF_1_XB,rna_02436,5MRF_1_bb,5MRF,76,XB,train,6.226791314697479,pass
rna_02439__6ZDQ_1_B,rna_02439,6ZDQ_1_C,6ZDQ,65,B,train,9.632487220617605,pass
rna_02439__6ZDU_1_C,rna_02439,6ZDU_1_C,6ZDU,65,C,train,13.96212593732319,pass
rna_02442__2YKG_1_B-C,rna_02442,2YKG_1_C-D,2YKG,20,B|C,train,1.2878219942634501,pass
rna_02442__3VYX_1_B-C,rna_02442,3VYX_1_B-C,3VYX,20,B|C,train,1.5137104574341027,pass
rna_02442__3ZD6_1_B-C,rna_02442,3ZD6_1_C-D,3ZD6,20,B|C,train,1.5477123336987084,pass
rna_02442__3ZD7_1_B-C,rna_02442,3ZD7_1_C-D,3ZD7,20,B|C,train,1.382028972597514,pass
rna_02442__4BPB_1_B-C,rna_02442,4BPB_1_C-D,4BPB,20,B|C,train,1.7011894614920624,pass
rna_02443__8APO_1_ED-FD,rna_02443,8APO_1_C2,8APO,29,ED|FD,train,4.348117070394798,pass
rna_02444__6IV9_1_B,rna_02444,6IV9_1_B,6IV9,50,B,train,19.564739367566457,pass
rna_02447__4YVJ_1_C,rna_02447,4YVJ_1_C,4YVJ,71,C,train,3.5580260035306965,pass
rna_02450__4A2X_1_E-F,rna_02450,4A2X_1_L-M,4A2X,28,E|F,train,1.7911850716068907,pass
rna_02456__3IEV_1_B,rna_02456,3IEV_1_D,3IEV,11,B,train,7.20390847361193,pass
rna_02459__6NUE_1_F,rna_02459,6NUE_1_H,6NUE,40,F,test_flex,14.372618561596838,pass
rna_02460__8FJK_1_DA-W,rna_02460,8FJK_1_a3-b3,8FJK,80,W|DA,train,3.216877416614252,pass
rna_02460__8FJL_1_JA-U,rna_02460,8FJL_1_a3-b3,8FJL,80,U|JA,train,3.317544803852481,pass
rna_02465__8EHQ_1_I,rna_02465,8EHQ_1_R,8EHQ,29,I,train,11.465947615304955,pass
rna_02465__8EOF_1_I,rna_02465,8EOF_1_R,8EOF,29,I,train,10.100692616714605,pass
rna_02465__8EXY_1_I,rna_02465,8EXY_1_R,8EXY,29,I,train,3.831787637685362,pass
rna_02470__4DR4_1_V-W,rna_02470,4DR4_1_W-V,4DR4,18,V|W,train,1.7599976261062762,pass
rna_02470__4DR5_1_V-W,rna_02470,4DR5_1_W-V,4DR5,18,V|W,train,1.5135467256969726,pass
rna_02476__6XH1_1_B,rna_02476,6XH1_1_D,6XH1,27,B,train,2.3356705963429496,pass
rna_02476__6XH3_1_B,rna_02476,6XH3_1_D,6XH3,27,B,train,2.900407860951982,pass
rna_02483__5U4J_1_F-G,rna_02483,5U4J_1_x-z,5U4J,21,F|G,train,5.587687930950278,pass
rna_02484__6MJ0_1_A,rna_02484,6MJ0_1_A,6MJ0,101,A,val,5.448484062559528,pass
rna_02484__6MJ0_1_B,rna_02484,6MJ0_1_B,6MJ0,101,B,val,6.4009997619041,pass
rna_02489__4V6E_1_AC-ZB,rna_02489,4V6E_1_CX,4V6E,23,ZB|AC,train,5.054621531224752,pass
rna_02489__4V6E_1_W-X,rna_02489,4V6E_1_AX,4V6E,23,W|X,train,2.5829748835768607,pass
rna_02489__4V6E_1_YB,rna_02489,4V6E_1_CV,4V6E,17,YB,train,2.2557802302174585,pass
rna_02489__8FOM_1_ZB,rna_02489,8FOM_1_XY,8FOM,17,ZB,train,1.3106105955622227,pass
rna_02499__4WR6_1_XB,rna_02499,4WR6_1_1L,4WR6,85,XB,train,5.5251106219549495,pass
rna_02504__1MHK_1_A-B,rna_02504,1MHK_1_L-S,1MHK,26,A|B,train,5.048641605362828,pass
rna_02505__7OJL_1_B-C,rna_02505,7OJL_1_D-E,7OJL,33,B|C,train,9.21790692888614,pass
rna_02507__5WT1_1_D,rna_02507,5WT1_1_F,5WT1,68,D,train,3.4772930915939293,pass
rna_02510__7NHN_1_B,rna_02510,7NHN_1_D,7NHN,74,B,train,2.617064682973708,pass
rna_02517__3HOW_1_O,rna_02517,3HOW_1_3,3HOW,11,O,train,4.928569947411051,pass
rna_02518__6E82_1_A,rna_02518,6E82_1_A,6E82,36,A,train,2.245131863251626,pass
rna_02519__6YPU_1_B,rna_02519,6YPU_1_4,6YPU,146,B,train,8.048851529371529,pass
rna_02519__6YT9_1_B,rna_02519,6YT9_1_4,6YT9,146,B,train,7.928516526098486,pass
rna_02522__5KPY_1_A,rna_02522,5KPY_1_A,5KPY,71,A,test_struct,4.233236474276921,pass
rna_02523__8ASW_1_E,rna_02523,8ASW_1_X,8ASW,73,E,train,8.664320897906103,pass
rna_02524__6SZV_1_D-E-F,rna_02524,6SZV_1_R-M,6SZV,41,D|E|F,train,17.823579143579494,pass
rna_02526__4M6D_1_D,rna_02526,4M6D_1_D,4M6D,42,D,train,3.7542628837494476,pass
rna_02526__4M6D_1_H,rna_02526,4M6D_1_H,4M6D,42,H,train,2.5267744244616153,pass
rna_02527__3A3A_1_A,rna_02527,3A3A_1_A,3A3A,86,A,train,4.510183102461474,pass
rna_02528__7UO4_1_E-F,rna_02528,7UO4_1_T-P,7UO4,70,E|F,train,3.5279052459754925,pass
rna_02529__7U4A_1_A,rna_02529,7U4A_1_A,7U4A,70,A,train,2.3900464885355333,pass
rna_02533__2D6F_1_A,rna_02533,2D6F_1_E,2D6F,72,A,train,3.8144049716540347,pass
rna_02536__6D9L_1_B,rna_02536,6D9L_1_C,6D9L,18,B,train,7.896269783370988,pass
rna_02536__6D9L_1_E,rna_02536,6D9L_1_H,6D9L,18,E,train,8.385020853748184,pass
rna_02539__7ABH_1_O,rna_02539,7ABH_1_2,7ABH,37,O,train,15.375383446368623,pass
rna_02544__6GMH_1_O,rna_02544,6GMH_1_P,6GMH,21,O,train,11.470375699503434,pass
rna_02544__6TED_1_O,rna_02544,6TED_1_P,6TED,21,O,train,6.09886814130021,pass
rna_02545__6K4S_1_B,rna_02545,6K4S_1_A,6K4S,80,B,train,14.630845465908834,pass
rna_02545__6K4U_1_B,rna_02545,6K4U_1_A,6K4U,80,B,train,27.984660513847107,pass
rna_02546__3GLP_1_A-B-C-D,rna_02546,3GLP_1_B-A,3GLP,32,A|B|C|D,train,3.704953307917335,pass
rna_02546__3GLP_1_B,rna_02546,3GLP_1_B,3GLP,8,B,train,4.634598402384765,pass
rna_02550__4A36_1_C-D-E-F,rna_02550,4A36_1_T-U,4A36,74,C|D|E|F,train,4.211100267801148,pass
rna_02555__7UO0_1_C,rna_02555,7UO0_1_C,7UO0,82,C,train,8.127652651243691,pass
rna_02556__8F3C_1_H,rna_02556,8F3C_1_R,8F3C,47,H,train,9.872708640614958,pass
rna_02556__8G00_1_H,rna_02556,8G00_1_R,8G00,47,H,train,8.221835926280214,pass
rna_02556__8G1S_1_H,rna_02556,8G1S_1_R,8G1S,47,H,train,5.507207402899912,pass
rna_02556__8G2W_1_H,rna_02556,8G2W_1_R,8G2W,47,H,train,7.923342892374075,pass
rna_02556__8G4W_1_F,rna_02556,8G4W_1_R,8G4W,47,F,train,10.38479774297536,pass
rna_02560__8HIM_1_C,rna_02560,8HIM_1_P,8HIM,11,C,train,3.9116898708310037,pass
rna_02562__1TFY_1_E-F,rna_02562,1TFY_1_G-J,1TFY,19,E|F,train,3.031370497137873,pass
rna_02565__5XLO_1_G,rna_02565,5XLO_1_K,5XLO,38,G,train,15.70862929723696,pass
rna_02567__6QCS_1_E-F,rna_02567,6QCS_1_V-R,6QCS,29,E|F,test_flex,11.083055221841,pass
rna_02572__4K4V_1_B,rna_02572,4K4V_1_B,4K4V,13,B,train,7.055496040763403,pass
rna_02572__4K4V_1_E,rna_02572,4K4V_1_F,4K4V,13,E,train,6.848413727568542,pass
rna_02576__8EUG_1_E,rna_02576,8EUG_1_9,8EUG,118,E,train,8.968431498704131,pass
rna_02576__8EUI_1_E,rna_02576,8EUI_1_9,8EUI,118,E,train,7.911519840132304,pass
rna_02580__5H0R_1_C-D,rna_02580,5H0R_1_H-I,5H0R,84,C|D,train,4.573169539339837,pass
rna_02583__7DMQ_1_B-C,rna_02583,7DMQ_1_B-C,7DMQ,88,B|C,train,9.678795362431927,pass
rna_02586__6ERI_1_FA,rna_02586,6ERI_1_Ax,6ERI,118,FA,train,6.688631322801579,pass
rna_02587__4KNQ_1_A,rna_02587,4KNQ_1_B,4KNQ,20,A,train,9.888342645321622,pass
rna_02596__6HIZ_1_Z,rna_02596,6HIZ_1_CA,6HIZ,143,Z,train,21.140189790584994,pass
rna_02596__7AOR_1_DB,rna_02596,7AOR_1_A,7AOR,143,DB,train,20.393621333432534,pass
rna_02600__1DRZ_1_A,rna_02600,1DRZ_1_B,1DRZ,72,A,train,3.802700020279012,pass
rna_02600__4PR6_1_A,rna_02600,4PR6_1_B,4PR6,72,A,train,4.19828873265792,pass
rna_02605__6VWL_1_AB,rna_02605,6VWL_1_4,6VWL,43,AB,train,13.548145182087511,pass
rna_02605__6VWM_1_AB,rna_02605,6VWM_1_4,6VWM,43,AB,train,6.735570717249074,pass
rna_02605__6VWN_1_AB,rna_02605,6VWN_1_4,6VWN,43,AB,train,9.433970253357906,pass
rna_02607__5VJ9_1_A-B__repeat01,rna_02607,5VJ9_1_B,5VJ9,32,A|B,val,1.596935604415796,pass
rna_02607__5VJ9_1_A-B__repeat02,rna_02607,5VJ9_1_A,5VJ9,32,A|B,val,1.6304031984728433,pass
rna_02607__5VJ9_1_C-D,rna_02607,5VJ9_1_C,5VJ9,32,C|D,val,1.5291624212285235,pass
rna_02611__7OYC_1_D,rna_02611,7OYC_1_71,7OYC,119,D,train,6.2410774934063795,pass
rna_02618__6LTR_1_B,rna_02618,6LTR_1_B,6LTR,49,B,train,16.149440425075138,pass
rna_02618__6LTU_1_B,rna_02618,6LTU_1_B,6LTU,49,B,train,17.260597290061693,pass
rna_02627__3R4F_1_A,rna_02627,3R4F_1_A,3R4F,66,A,train,7.926442362656225,pass
rna_02628__2V7R_1_A-B,rna_02628,2V7R_1_A-B,2V7R,14,A|B,train,1.2980480849083693,pass
rna_02629__4P43_1_A-B,rna_02629,4P43_1_B-A,4P43,44,A|B,train,3.259617980066142,pass
rna_02630__1YZ9_1_A-B-C-D,rna_02630,1YZ9_1_C-D-E-F,1YZ9,44,A|B|C|D,train,3.7217410958203367,pass
rna_02632__3QJL_1_B,rna_02632,3QJL_1_X,3QJL,12,B,test_flex,6.47694941326212,pass
rna_02632__3QJL_1_D,rna_02632,3QJL_1_R,3QJL,12,D,test_flex,7.315001739671929,pass
rna_02635__3O6E_1_B,rna_02635,3O6E_1_A,3O6E,14,B,train,6.30366061186766,pass
rna_02635__3O7V_1_B,rna_02635,3O7V_1_A,3O7V,14,B,train,6.220201374921073,pass
rna_02638__2PXK_1_A,rna_02638,2PXK_1_B,2PXK,49,A,train,3.816367962151979,pass
rna_02640__7XD7_1_A,rna_02640,7XD7_1_N,7XD7,405,A,test_flex,8.116599328782335,pass
rna_02641__7RIY_1_A,rna_02641,7RIY_1_R,7RIY,11,A,train,5.708072584448066,pass
rna_02642__7NSP_1_DB,rna_02642,7NSP_1_v,7NSP,77,DB,train,3.9240140999376822,pass
rna_02642__7NSQ_1_DB,rna_02642,7NSQ_1_v,7NSQ,77,DB,train,3.7907664001674273,pass
rna_02643__7NHL_1_G,rna_02643,7NHL_1_B,7NHL,113,G,train,6.715907682480927,pass
rna_02643__7NHM_1_E,rna_02643,7NHM_1_B,7NHM,113,E,train,7.17830730953889,pass
rna_02643__7P48_1_I,rna_02643,7P48_1_B,7P48,113,I,train,5.366638686225594,pass
rna_02646__6IFK_1_I-J,rna_02646,6IFK_1_N-J,6IFK,67,I|J,train,16.977108960341706,pass
rna_02646__6IG0_1_I-J,rna_02646,6IG0_1_N-J,6IG0,67,I|J,train,14.728494204885536,pass
rna_02647__8P4B_1_L,rna_02647,8P4B_1_P,8P4B,22,L,train,9.677368125564788,pass
rna_02649__8ASD_1_E,rna_02649,8ASD_1_P,8ASD,11,E,train,3.365649158570538,pass
rna_02653__6ID0_1_B,rna_02653,6ID0_1_B,6ID0,98,B,val,15.582515824047924,pass
rna_02653__6ID1_1_B,rna_02653,6ID1_1_B,6ID1,98,B,val,18.063570818986044,pass
rna_02656__4RBQ_1_A,rna_02656,4RBQ_1_A,4RBQ,32,A,test_flex,19.829058556312486,pass
rna_02656__5DA6_1_A,rna_02656,5DA6_1_A,5DA6,32,A,test_flex,13.894809647542187,pass
rna_02658__7MLX_1_C,rna_02658,7MLX_1_R,7MLX,65,C,train,3.763235692253568,pass
rna_02659__2DU6_1_A,rna_02659,2DU6_1_D,2DU6,71,A,train,3.6035130164413114,pass
rna_02660__6JQ5_1_A-B,rna_02660,6JQ5_1_B-A,6JQ5,163,A|B,train,5.576010421471895,pass
rna_02661__8BMW_1_I,rna_02661,8BMW_1_R,8BMW,48,I,train,19.87466350057142,pass
rna_02668__1ZDH_1_A,rna_02668,1ZDH_1_R,1ZDH,13,A,train,2.8781139801912428,pass
rna_02668__1ZDH_1_B,rna_02668,1ZDH_1_S,1ZDH,13,B,train,3.1523701036520984,pass
rna_02672__6OGZ_1_A-B,rna_02672,6OGZ_1_B-C,6OGZ,35,A|B,train,11.68176875226872,pass
rna_02678__6E9F_1_B-C,rna_02678,6E9F_1_B-C,6E9F,79,B|C,train,7.039568883696568,pass
rna_02679__3LOA_1_A-B,rna_02679,3LOA_1_B-A,3LOA,44,A|B,train,3.5835507146206056,pass
rna_02681__4U7U_1_L,rna_02681,4U7U_1_L,4U7U,61,L,train,18.22981493988943,pass
rna_02681__4U7U_1_X,rna_02681,4U7U_1_X,4U7U,61,X,train,18.29696781784055,pass
rna_02686__7BV2_1_D-E,rna_02686,7BV2_1_T-P,7BV2,25,D|E,train,3.4355125108273716,pass
rna_02689__8P4F_1_A,rna_02689,8P4F_1_P,8P4F,29,A,train,13.285323364882588,pass
rna_02691__2EET_1_A,rna_02691,2EET_1_A,2EET,67,A,test_struct,4.170222657015318,pass
rna_02694__6W64_1_B,rna_02694,6W64_1_B,6W64,38,B,train,10.136420030704349,pass
rna_02695__4K4Z_1_I-J-K,rna_02695,4K4Z_1_J-K-L,4K4Z,34,I|J|K,train,3.561075030211517,pass
rna_02704__8H0V_1_M,rna_02704,8H0V_1_P,8H0V,14,M,train,6.723321597351327,pass
rna_02709__6Z6M_1_EC,rna_02709,6Z6M_1_CC,6Z6M,85,EC,train,3.851881273525253,pass
rna_02713__3NJ7_1_A-B-C-D__repeat01,rna_02713,3NJ7_1_C-D,3NJ7,40,A|B|C|D,train,1.8826630061157617,pass
rna_02713__3NJ7_1_A-B-C-D__repeat02,rna_02713,3NJ7_1_A-B,3NJ7,40,A|B|C|D,train,2.380941172958751,pass
rna_02713__3NJ7_1_E-F,rna_02713,3NJ7_1_E-F,3NJ7,20,E|F,train,1.8070216455857715,pass
rna_02719__6CAP_1_V-W,rna_02719,6CAP_1_W-Y,6CAP,21,V|W,train,2.441902786926007,pass
rna_02719__6CAQ_1_V-W,rna_02719,6CAQ_1_W-Y,6CAQ,21,V|W,train,2.5070686477952115,pass
rna_02719__6CAR_1_V-W,rna_02719,6CAR_1_W-Y,6CAR,21,V|W,train,2.8425074513347317,pass
rna_02719__6CAS_1_V-W,rna_02719,6CAS_1_W-Y,6CAS,21,V|W,train,2.6987753171355755,pass
rna_02719__7DUG_1_V-W,rna_02719,7DUG_1_W-Y,7DUG,21,V|W,train,2.8616683759819423,pass
rna_02722__2IZ8_1_E,rna_02722,2IZ8_1_S,2IZ8,13,E,train,3.899298564948621,pass
rna_02724__3AMT_1_B,rna_02724,3AMT_1_B,3AMT,78,B,train,3.7035589885646303,pass
rna_02724__3AMU_1_B,rna_02724,3AMU_1_B,3AMU,78,B,train,3.424909508301529,pass
rna_02726__8FNC_1_B,rna_02726,8FNC_1_g,8FNC,16,B,train,7.566156127188939,pass
rna_02726__8FNF_1_B,rna_02726,8FNF_1_g,8FNF,16,B,train,9.780139860242341,pass
rna_02728__6UZ7_1_EC,rna_02728,6UZ7_1_3,6UZ7,76,EC,train,4.18480926924744,pass
rna_02731__4X0A_1_B,rna_02731,4X0A_1_B,4X0A,73,B,train,3.6846741261138694,pass
rna_02732__5F8G_1_B-C,rna_02732,5F8G_1_B-C,5F8G,22,B|C,train,2.5145324835740945,pass
rna_02732__5F8H_1_B-C,rna_02732,5F8H_1_B-C,5F8H,22,B|C,train,1.41481324914718,pass
rna_02732__5F8I_1_B-C,rna_02732,5F8I_1_B-C,5F8I,22,B|C,train,1.731644844550964,pass
rna_02732__7W9S_1_B-C,rna_02732,7W9S_1_B-C,7W9S,22,B|C,train,2.417437394797972,pass
rna_02737__4YB1_1_A,rna_02737,4YB1_1_R,4YB1,91,A,train,5.033070204244995,pass
rna_02739__1DQF_1_A-B,rna_02739,1DQF_1_B-A,1DQF,19,A|B,train,2.4763689361546306,pass
rna_02739__1DQH_1_A-B,rna_02739,1DQH_1_B-A,1DQH,19,A|B,train,2.137490191397879,pass
rna_02745__6DU4_1_B,rna_02745,6DU4_1_B,6DU4,29,B,train,5.537899344588689,pass
rna_02747__1N35_1_A-B,rna_02747,1N35_1_C-B,1N35,13,A|B,train,2.7739103419747173,pass
rna_02748__6G1S_1_B-C,rna_02748,6G1S_1_X-Y,6G1S,30,B|C,train,1.8517122061026206,pass
rna_02748__6G1X_1_B-C,rna_02748,6G1X_1_X-Y,6G1X,30,B|C,train,1.7049349063692927,pass
rna_02748__6H61_1_B-C,rna_02748,6H61_1_X-Y,6H61,30,B|C,train,1.9298489790577755,pass
rna_02748__6H66_1_B-C,rna_02748,6H66_1_X-Y,6H66,30,B|C,train,2.0407145521643977,pass
rna_02748__7NGA_1_A-B,rna_02748,7NGA_1_X-Y,7NGA,30,A|B,train,1.8471270289151114,pass
rna_02750__7ZP8_1_EA,rna_02750,7ZP8_1_v,7ZP8,76,EA,train,4.489335973326006,pass
rna_02752__6XN7_1_H-L,rna_02752,6XN7_1_R-T,6XN7,74,H|L,test_flex,15.07782891219934,pass
rna_02757__7Y83_1_B-C,rna_02757,7Y83_1_B-C,7Y83,59,B|C,train,17.555521318344116,pass
rna_02765__2EC0_1_A-B,rna_02765,2EC0_1_B-C,2EC0,15,A|B,train,1.0980718801824692,pass
rna_02765__2EC0_1_C-D,rna_02765,2EC0_1_E-F,2EC0,15,C|D,train,1.1556721928097085,pass
rna_02771__3PU1_1_F,rna_02771,3PU1_1_R,3PU1,45,F,train,13.533003594786198,pass
rna_02776__6AZ3_1_XA,rna_02776,6AZ3_1_8,6AZ3,118,XA,train,7.180941146375485,pass
rna_02780__8HKU_1_B,rna_02780,8HKU_1_A5S,8HKU,122,B,train,16.015019305811858,pass
rna_02780__8HKV_1_B,rna_02780,8HKV_1_A5S,8HKV,122,B,train,7.0571265210339655,pass
rna_02780__8HKY_1_D,rna_02780,8HKY_1_A5S,8HKY,122,D,train,7.394227670919457,pass
rna_02780__8HKZ_1_C,rna_02780,8HKZ_1_A5S,8HKZ,122,C,train,6.009526677861387,pass
rna_02782__3FOZ_1_D,rna_02782,3FOZ_1_D,3FOZ,69,D,train,3.1033153861285494,pass
rna_02784__6Q9A_1_FB,rna_02784,6Q9A_1_4,6Q9A,363,FB,val,24.761568394575946,pass
rna_02785__2JLT_1_A,rna_02785,2JLT_1_A,2JLT,18,A,train,3.2519508339305836,pass
rna_02786__4IG8_1_B-C,rna_02786,4IG8_1_B-C,4IG8,36,B|C,train,2.2127648086058556,pass
rna_02789__4P3T_1_A-B,rna_02789,4P3T_1_A-B,4P3T,46,A|B,train,3.1249867747401994,pass
rna_02790__2EZ6_1_A-B__repeat01,rna_02790,2EZ6_1_D,2EZ6,56,A|B,train,3.5487919664852536,pass
rna_02790__2EZ6_1_A-B__repeat02,rna_02790,2EZ6_1_C,2EZ6,56,A|B,train,3.5749642887172652,pass
rna_02791__6BZ7_1_W__repeat01,rna_02791,6BZ7_1_QW,6BZ7,76,W,train,4.084211174938472,pass
rna_02791__6BZ7_1_AC__repeat02,rna_02791,6BZ7_1_XW,6BZ7,76,AC,train,3.9704133215765154,pass
rna_02791__7JT3_1_CB,rna_02791,7JT3_1_5,7JT3,76,CB,train,3.925213375169793,pass
rna_02794__1T0E_1_A-B,rna_02794,1T0E_1_A-C,1T0E,35,A|B,train,2.8132717037713495,pass
rna_02798__3WC2_1_E,rna_02798,3WC2_1_P,3WC2,74,E,train,3.1392251548315366,pass
rna_02799__4KQ0_1_B-D,rna_02799,4KQ0_1_B-E,4KQ0,38,B|D,train,2.940091061333514,pass
rna_02800__7Y7P_1_E-F,rna_02800,7Y7P_1_E-J,7Y7P,17,E|F,train,3.2847969186648616,pass
rna_02802__4K4T_1_B-C-D,rna_02802,4K4T_1_B-C-D,4K4T,33,B|C|D,train,3.573240576940026,pass
rna_02802__4K4T_1_F-G-H,rna_02802,4K4T_1_F-G-H,4K4T,33,F|G|H,train,4.935384459990385,pass
rna_02803__7RR5_1_DC,rna_02803,7RR5_1_P,7RR5,76,DC,train,4.408240986562712,pass
rna_02803__7ZPQ_1_E,rna_02803,7ZPQ_1_6,7ZPQ,76,E,train,3.4954989145755335,pass
rna_02803__7ZUW_1_E,rna_02803,7ZUW_1_6,7ZUW,76,E,train,4.646892350894618,pass
rna_02807__4B5R_1_A,rna_02807,4B5R_1_A,4B5R,94,A,train,3.31851504580883,pass
rna_02809_C__7X7R_1_A,rna_02809_C,7X7R_1_C,7X7R,36,A,train,14.411221329888178,pass
rna_02809_J__7X7R_1_B,rna_02809_J,7X7R_1_J,7X7R,20,B,train,18.449839853369326,pass
rna_02813__5AWH_1_C,rna_02813,5AWH_1_C,5AWH,18,C,train,10.5767541668683,pass
rna_02813__5AWH_1_E,rna_02813,5AWH_1_E,5AWH,18,E,train,12.687687874772068,pass
rna_02814__6U8F_1_A-B,rna_02814,6U8F_1_A-B,6U8F,34,A|B,train,3.9947738061402758,pass
rna_02817__7OBQ_1_A,rna_02817,7OBQ_1_1,7OBQ,165,A,val,12.714796815818053,pass
rna_02819__5B43_1_B,rna_02819,5B43_1_B,5B43,40,B,val,14.021891517652692,pass
rna_02820__6LSH_1_B-C,rna_02820,6LSH_1_B-C,6LSH,19,B|C,train,2.095667322079562,pass
rna_02827__1Z7F_1_A,rna_02827,1Z7F_1_A,1Z7F,16,A,train,5.646934603946436,pass
rna_02829__8DGA_1_B-C,rna_02829,8DGA_1_F-E,8DGA,41,B|C,train,2.929950237767201,pass
rna_02830__6LSF_1_B-C,rna_02830,6LSF_1_C-B,6LSF,19,B|C,train,1.8225005676745438,pass
rna_02832__6VWL_1_CA,rna_02832,6VWL_1_5,6VWL,76,CA,train,4.037176015046162,pass
rna_02832__6VWM_1_B,rna_02832,6VWM_1_5,6VWM,76,B,train,3.9881815213232135,pass
rna_02833__6QIR_1_A-B,rna_02833,6QIR_1_A-B,6QIR,16,A|B,train,4.827299769599276,pass
rna_02833__6QIR_1_C-D,rna_02833,6QIR_1_C-D,6QIR,16,C|D,train,3.730801762202998,pass
rna_02833__6QIS_1_A-C-D-E-F-H,rna_02833,6QIS_1_E-F,6QIS,48,A|C|D|E|F|H,train,6.7034889591259565,pass
rna_02833__6QIS_1_A-D,rna_02833,6QIS_1_A-D,6QIS,16,A|D,train,11.914183631439853,pass
rna_02833__6QIS_1_G-H,rna_02833,6QIS_1_G-H,6QIS,16,G|H,train,4.039757464894418,pass
rna_02833__6QIT_1_A-B-C-D,rna_02833,6QIT_1_A-B,6QIT,32,A|B|C|D,train,3.1859303000205808,pass
rna_02841__7VFT_1_A,rna_02841,7VFT_1_A,7VFT,23,A,train,9.167535296626573,pass
rna_02844__5XBL_1_C,rna_02844,5XBL_1_B,5XBL,88,C,train,17.525139892863358,pass
rna_02844__6IFO_1_B,rna_02844,6IFO_1_C,6IFO,88,B,train,15.865175429414531,pass
rna_02846__7OM7_1_I-J,rna_02846,7OM7_1_I-J,7OM7,15,I|J,train,2.4427784953531124,pass
rna_02848__7Y82_1_B-C,rna_02848,7Y82_1_B-C,7Y82,66,B|C,train,13.912883857043537,pass
rna_02850__8C4T_1_B,rna_02850,8C4T_1_C,8C4T,12,B,train,5.267984358198021,pass
rna_02854__6SPD_1_B,rna_02854,6SPD_1_B,6SPD,116,B,train,7.587285052995376,pass
rna_02855__6IFU_1_I-J,rna_02855,6IFU_1_I-J,6IFU,62,I|J,train,13.979441098153426,pass
rna_02855__6IFY_1_I-J,rna_02855,6IFY_1_I-J,6IFY,62,I|J,train,17.943097744882568,pass
rna_02855__6IFZ_1_I-J,rna_02855,6IFZ_1_I-J,6IFZ,62,I|J,train,18.037088114545714,pass
rna_02857__1I9X_1_A-B,rna_02857,1I9X_1_A-B,1I9X,26,A|B,train,4.3978437781204525,pass
rna_02858__3BNT_1_A,rna_02858,3BNT_1_A,3BNT,22,A,train,12.216870867882138,pass
rna_02861__402D_1_A-B,rna_02861,402D_1_A-B,402D,16,A|B,test_flex,1.4644714805878638,pass
rna_02864__3FOZ_1_C,rna_02864,3FOZ_1_C,3FOZ,74,C,train,3.592949732931899,pass
rna_02870__5JC7_1_C-D,rna_02870,5JC7_1_X-Y,5JC7,48,C|D,train,2.764381668858602,pass
rna_02871__4PDQ_1_A-B,rna_02871,4PDQ_1_A-B,4PDQ,46,A|B,train,3.662928156575477,pass
rna_02871__6JBF_1_A-B,rna_02871,6JBF_1_A-B,6JBF,46,A|B,train,3.381673458932859,pass
rna_02871__6JBF_1_C-D,rna_02871,6JBF_1_C-D,6JBF,46,C|D,train,4.02018839254018,pass
rna_02871__6JBG_1_C-D,rna_02871,6JBG_1_C-D,6JBG,46,C|D,train,3.795852791412697,pass
rna_02873__205D_1_A-B,rna_02873,205D_1_A-B,205D,24,A|B,train,1.871224930516178,pass
rna_02874__6IFO_1_D,rna_02874,6IFO_1_D,6IFO,90,D,train,12.255435778237295,pass
rna_02879__3GTG_1_K,rna_02879,3GTG_1_R,3GTG,12,K,train,4.268205067652056,pass
rna_02879__3GTJ_1_K,rna_02879,3GTJ_1_R,3GTJ,12,K,train,4.999135046914779,pass
rna_02879__3GTO_1_K,rna_02879,3GTO_1_R,3GTO,12,K,train,4.032424933365639,pass
rna_02882__5FKE_1_A,rna_02882,5FKE_1_A,5FKE,94,A,train,3.4120623163872468,pass
rna_02883__7UOE_1_E-F,rna_02883,7UOE_1_T-P,7UOE,70,E|F,train,4.000639858893477,pass
rna_02884__8HD6_1_A,rna_02884,8HD6_1_N,8HD6,419,A,test_flex,7.734426803159938,pass
rna_02884__8HD7_1_A,rna_02884,8HD7_1_N,8HD7,419,A,test_flex,8.911489328342372,pass
rna_02888__8H0S_1_E,rna_02888,8H0S_1_X,8H0S,17,E,train,2.140995743638524,pass
rna_02888__8H0S_1_F,rna_02888,8H0S_1_Y,8H0S,17,F,train,3.3041235946507626,pass
rna_02888__8H1B_1_C,rna_02888,8H1B_1_C,8H1B,17,C,train,3.0476686350363207,pass
rna_02888__8H1B_1_D,rna_02888,8H1B_1_D,8H1B,17,D,train,2.1559687901865665,pass
rna_02892__5M5X_1_O,rna_02892,5M5X_1_R,5M5X,13,O,train,6.602807176461678,pass
rna_02894__4GHA_1_E-F,rna_02894,4GHA_1_I-J,4GHA,24,E|F,train,1.4548841308174347,pass
rna_02894__4LG2_1_G-H,rna_02894,4LG2_1_I-J,4LG2,24,G|H,train,1.8910863312389632,pass
rna_02896__4OOG_1_D,rna_02896,4OOG_1_D,4OOG,34,D,train,2.308062636998421,pass
rna_02897__5HR7_1_B,rna_02897,5HR7_1_C,5HR7,70,B,train,2.8517747976324532,pass
rna_02901__7Y9X_1_C,rna_02901,7Y9X_1_R,7Y9X,38,C,train,18.539338762477016,pass
rna_02907__7MEI_1_BA,rna_02907,7MEI_1_R,7MEI,15,BA,train,6.564491779985062,pass
rna_02907__7MK9_1_O,rna_02907,7MK9_1_R,7MK9,15,O,train,8.345344852100112,pass
rna_02908__3HM9_1_C,rna_02908,3HM9_1_Y,3HM9,13,C,train,8.062417567866643,pass
rna_02909__7YP9_1_H,rna_02909,7YP9_1_H,7YP9,11,H,train,6.133426856827154,pass
rna_02911__8CTI_1_C,rna_02911,8CTI_1_C,8CTI,71,C,train,2.9929374810860976,pass
rna_02912__7OG0_1_C,rna_02912,7OG0_1_D,7OG0,17,C,train,9.433109659324403,pass
rna_02912__7OG0_1_D,rna_02912,7OG0_1_E,7OG0,17,D,train,5.357864042344945,pass
rna_02920__3VNV_1_B-C,rna_02920,3VNV_1_T-G,3VNV,15,B|C,train,1.3728993824672833,pass
rna_02921__3PTX_1_F,rna_02921,3PTX_1_R,3PTX,45,F,train,17.65807879396067,pass
rna_02925__6OF6_1_AC__repeat01,rna_02925,6OF6_1_XW,6OF6,76,AC,train,5.445776222890021,pass
rna_02925__6OF6_1_W__repeat02,rna_02925,6OF6_1_QW,6OF6,76,W,train,4.017263289578254,pass
rna_02926__7Y81_1_B-C,rna_02926,7Y81_1_B-C,7Y81,55,B|C,train,12.992338757990677,pass
rna_02929__3GVN_1_A-B,rna_02929,3GVN_1_A-B,3GVN,14,A|B,train,1.0451923748166472,pass
rna_02931__7OZQ_1_F,rna_02931,7OZQ_1_F,7OZQ,31,F,train,3.3133314184322056,pass
rna_02932__8APO_1_DD,rna_02932,8APO_1_C1,8APO,23,DD,train,2.739278646624079,pass
rna_02934__7M2V_1_MA-NA,rna_02934,7M2V_1_yy-zz,7M2V,20,MA|NA,train,1.4865359079929097,pass
rna_02936__7EEM_1_A,rna_02936,7EEM_1_A,7EEM,26,A,guard,1.5732782855028717,pass
rna_02941__6WPI_1_C,rna_02941,6WPI_1_C,6WPI,27,C,val,2.217791649506037,pass
rna_02942__8D97_1_B,rna_02942,8D97_1_C,8D97,42,B,train,18.941658771665526,pass
rna_02944__2C51_1_D,rna_02944,2C51_1_R,2C51,15,D,train,3.7579922926498344,pass
rna_02947__8DEX_1_L,rna_02947,8DEX_1_L,8DEX,48,L,val,19.48818335867499,pass
rna_02947__8DFS_1_L,rna_02947,8DFS_1_L,8DFS,48,L,val,20.80287012839109,pass
rna_02949__4XW7_1_A,rna_02949,4XW7_1_A,4XW7,64,A,train,4.709100453013941,pass
rna_02949__4XWF_1_A,rna_02949,4XWF_1_A,4XWF,64,A,train,4.4600172731923236,pass
rna_02950__7P48_1_E,rna_02950,7P48_1_5,7P48,73,E,train,4.119443996045219,pass
rna_02952__6TPQ_1_B,rna_02952,6TPQ_1_V,6TPQ,123,B,train,4.414250684705104,pass
rna_02953__6PIF_1_K,rna_02953,6PIF_1_1,6PIF,60,K,train,22.89231289558278,pass
rna_02953__6PIG_1_A,rna_02953,6PIG_1_1,6PIG,60,A,train,18.852247783835086,pass
rna_02953__6PIJ_1_K,rna_02953,6PIJ_1_1,6PIJ,60,K,train,22.425330208675444,pass
rna_02955__5XOG_1_M,rna_02955,5XOG_1_P,5XOG,11,M,train,6.521712736754727,pass
rna_02956__8H69_1_A-B,rna_02956,8H69_1_5-3,8H69,37,A|B,train,8.021735042643408,pass
rna_02958__433D_1_A-B,rna_02958,433D_1_A-B,433D,28,A|B,train,1.954654056207202,pass
rna_02960__4PLX_1_A,rna_02960,4PLX_1_A,4PLX,74,A,train,3.2917230391562513,pass
rna_02961__6WJS_1_A,rna_02961,6WJS_1_X,6WJS,109,A,train,2.595133398270097,pass
rna_02962__6LSE_1_B-C,rna_02962,6LSE_1_C-B,6LSE,16,B|C,train,2.4420389306422243,pass
rna_02966__7B5K_1_CB,rna_02966,7B5K_1_z,7B5K,76,CB,train,4.420851662710744,pass
rna_02967__1ZSE_1_A,rna_02967,1ZSE_1_R,1ZSE,12,A,train,1.8007415196836272,pass
rna_02967__2BS1_1_D,rna_02967,2BS1_1_R,2BS1,12,D,train,1.9129289131547431,pass
rna_02968__7YR6_1_E,rna_02968,7YR6_1_A,7YR6,118,E,train,15.455685045911123,pass
rna_02968__7YR7_1_E,rna_02968,7YR7_1_A,7YR7,118,E,train,12.561720036956787,pass
rna_02970_C__8D8N_1_B,rna_02970_C,8D8N_1_C,8D8N,35,B,train,19.983944622858733,pass
rna_02970_D__8D8N_1_C,rna_02970_D,8D8N_1_D,8D8N,21,C,train,11.784634034004103,pass
rna_02971__7ECW_1_K,rna_02971,7ECW_1_M,7ECW,44,K,train,20.618092898306543,pass
rna_02973__7NWG_1_EC,rna_02973,7NWG_1_33,7NWG,75,EC,train,10.771642470377856,pass
rna_02974__7QI5_1_FA,rna_02974,7QI5_1_Aw,7QI5,68,FA,train,4.657062312532732,pass
rna_02974__8ANY_1_DA,rna_02974,8ANY_1_Aw,8ANY,68,DA,train,4.467519182900618,pass
rna_02978__6LNB_1_J,rna_02978,6LNB_1_M,6LNB,60,J,train,22.643380770674508,pass
rna_02978__6LNC_1_A,rna_02978,6LNC_1_M,6LNC,60,A,train,22.89877519237783,pass
rna_02979__7JHY_1_G,rna_02979,7JHY_1_z,7JHY,31,G,train,11.495894045542615,pass
rna_02980__1X9K_1_A-B-C-D,rna_02980,1X9K_1_D-C-A-B,1X9K,62,A|B|C|D,guard,2.583109165907886,pass
rna_02989__6G19_1_B-C,rna_02989,6G19_1_X-Y,6G19,28,B|C,train,1.459920314762715,pass
rna_02989__6GJZ_1_B-C,rna_02989,6GJZ_1_X-Y,6GJZ,28,B|C,train,2.0020452756977103,pass
rna_02989__6GKM_1_B-C,rna_02989,6GKM_1_X-Y,6GKM,28,B|C,train,1.627466299649781,pass
rna_02991__6HCT_1_A-B-E-F,rna_02991,6HCT_1_E-F,6HCT,57,A|B|E|F,train,6.287293787397271,pass
rna_03004__6E7L_1_A,rna_03004,6E7L_1_A,6E7L,22,A,test_flex,11.820215160864082,pass
rna_03005__1K9W_1_A-B,rna_03005,1K9W_1_B,1K9W,46,A|B,guard,4.461946899649778,pass
rna_03005__1K9W_1_C-D,rna_03005,1K9W_1_D,1K9W,46,C|D,guard,3.544163140264475,pass
rna_03006__3VJR_1_B-D,rna_03006,3VJR_1_B,3VJR,72,B|D,train,3.7044380856058803,pass
rna_03006__3VJR_1_D,rna_03006,3VJR_1_D,3VJR,36,D,train,3.220701405231878,pass
rna_03011__5TPY_1_A,rna_03011,5TPY_1_A,5TPY,71,A,train,2.458969597175741,pass
rna_03019__2D6F_1_B,rna_03019,2D6F_1_F,2D6F,74,B,train,3.4282715357979874,pass
rna_03021__7TO0_1_B-C,rna_03021,7TO0_1_B-C,7TO0,24,B|C,train,1.9219239015383962,pass
rna_03035__1C9S_1_A,rna_03035,1C9S_1_W,1C9S,55,A,train,24.51600266652283,pass
rna_03037__6XN4_1_E-H,rna_03037,6XN4_1_R-T,6XN4,65,E|H,test_flex,15.878531817020068,pass
rna_03038__7XTD_1_O,rna_03038,7XTD_1_P,7XTD,19,O,train,16.738714704616783,pass
rna_03038__7XTI_1_O,rna_03038,7XTI_1_P,7XTI,19,O,train,10.993122727994027,pass
rna_03040__6B3K_1_C,rna_03040,6B3K_1_R,6B3K,83,C,train,3.9428938356350898,pass
rna_03045__5K36_1_M,rna_03045,5K36_1_L,5K36,17,M,train,4.69882188591612,pass
rna_03048__2IZM_1_D,rna_03048,2IZM_1_R,2IZM,13,D,train,2.186689394735805,pass
rna_03048__2IZM_1_E,rna_03048,2IZM_1_S,2IZM,13,E,train,2.4797610893480755,pass
rna_03049__4FVU_1_B-C,rna_03049,4FVU_1_B-C,4FVU,16,B|C,train,1.2830998143008567,pass
rna_03054__1Y26_1_A,rna_03054,1Y26_1_X,1Y26,71,A,test_struct,2.2890593638238363,pass
rna_03059__4P3U_1_C-D,rna_03059,4P3U_1_C-D,4P3U,43,C|D,train,3.810324520047927,pass
rna_03067__7YOJ_1_D,rna_03067,7YOJ_1_B,7YOJ,174,D,train,20.017487372593926,pass
rna_03072__3V74_1_B,rna_03072,3V74_1_B,3V74,11,B,train,7.117470111602636,pass
rna_03073__3R9X_1_C,rna_03073,3R9X_1_C,3R9X,35,C,train,7.037471278495617,pass
rna_03074__2B63_1_A,rna_03074,2B63_1_R,2B63,31,A,train,3.3643572626239546,pass
rna_03075__4QIL_1_C,rna_03075,4QIL_1_D,4QIL,16,C,train,1.6065106428261218,pass
rna_03075__4QIL_1_D,rna_03075,4QIL_1_C,4QIL,16,D,train,2.0011602625673395,pass
rna_03077__4E5C_1_A-B,rna_03077,4E5C_1_A-B,4E5C,38,A|B,train,2.5670498001771684,pass
rna_03084__4FEP_1_A,rna_03084,4FEP_1_B,4FEP,67,A,test_struct,1.8906471636242654,pass
rna_03085__6XN3_1_H-L,rna_03085,6XN3_1_R-T,6XN3,71,H|L,test_flex,12.286263969566438,pass
rna_03088__7ELH_1_W-X,rna_03088,7ELH_1_R-S,7ELH,120,W|X,train,5.834480036956686,pass
rna_03089__7YFE_1_P-Q-S,rna_03089,7YFE_1_T-N-M,7YFE,17,P|Q|S,train,11.907523079732123,pass
rna_03093__7V00_1_G,rna_03093,7V00_1_G,7V00,30,G,test_flex,18.96138456432488,pass
rna_03098__7YNC_1_B-C,rna_03098,7YNC_1_B-C,7YNC,66,B|C,train,19.077990116264907,pass
rna_03101__4V4V_1_Y,rna_03101,4V4V_1_B9,4V4V,108,Y,train,10.764512755114337,pass
rna_03101__4V4W_1_Y,rna_03101,4V4W_1_B9,4V4W,108,Y,train,7.866751606120232,pass
rna_03105__4BWM_1_C,rna_03105,4BWM_1_G,4BWM,14,C,train,10.170575563572552,pass
rna_03107__6ORD_1_AC,rna_03107,6ORD_1_XY,6ORD,76,AC,train,3.9224402120345787,pass
rna_03107__6ORD_1_X,rna_03107,6ORD_1_QY,6ORD,76,X,train,3.4515100406164425,pass
rna_03111__4P8Z_1_A,rna_03111,4P8Z_1_A,4P8Z,188,A,train,3.6930514581916287,pass
rna_03112__7S36_1_C,rna_03112,7S36_1_R,7S36,87,C,train,20.484311029064298,pass
rna_03117__1WZ2_1_A,rna_03117,1WZ2_1_C,1WZ2,88,A,train,5.835576667677095,pass
rna_03117__1WZ2_1_B,rna_03117,1WZ2_1_D,1WZ2,88,B,train,4.449642683595312,pass
rna_03121__3KS8_1_A-B,rna_03121,3KS8_1_E-F,3KS8,36,A|B,train,1.9625831674403091,pass
rna_03122__7DFH_1_E-F,rna_03122,7DFH_1_T-P,7DFH,20,E|F,train,3.883927189126365,pass
rna_03126__8HIO_1_A,rna_03126,8HIO_1_B,8HIO,47,A,train,12.582533465752203,pass
rna_03128__6Z8K_1_D-E,rna_03128,6Z8K_1_P-T,6Z8K,20,D|E,train,1.4176802735172902,pass
rna_03135__6OG7_1_AB,rna_03135,6OG7_1_5,6OG7,75,AB,train,3.712501667559904,pass
rna_03135__7MSH_1_BB,rna_03135,7MSH_1_y,7MSH,75,BB,train,3.026997652197368,pass
rna_03138__8FNI_1_A,rna_03138,8FNI_1_m,8FNI,21,A,train,11.550265321057482,pass
rna_03146__8DFV_1_B,rna_03146,8DFV_1_E,8DFV,60,B,train,4.232781485377049,pass
rna_03147__422D_1_A-B,rna_03147,422D_1_A-B,422D,24,A|B,val,3.565490726645443,pass
rna_03148__1R3E_1_B-C,rna_03148,1R3E_1_D-E,1R3E,34,B|C,train,3.1108155304845044,pass
rna_03154__6POM_1_B,rna_03154,6POM_1_B,6POM,75,B,train,3.380649772674576,pass
rna_03157__7S4U_1_B,rna_03157,7S4U_1_B,7S4U,97,B,train,18.235238326545762,pass
rna_03161__4V90_1_V,rna_03161,4V90_1_AV,4V90,76,V,train,4.366337448988761,pass
rna_03164__4LX5_1_A,rna_03164,4LX5_1_A,4LX5,71,A,test_struct,2.6981550390981046,pass
rna_03167__6DN1_1_A-B,rna_03167,6DN1_1_Z-X,6DN1,111,A|B,train,2.766533837345907,pass
rna_03169__2ZH3_1_A,rna_03169,2ZH3_1_B,2ZH3,34,A,train,2.764482123329581,pass
rna_03174__3MQK_1_D-E,rna_03174,3MQK_1_D-E,3MQK,22,D|E,train,4.599623795063878,pass
rna_03176__4FEL_1_A,rna_03176,4FEL_1_B,4FEL,67,A,test_struct,2.446941785776825,pass
rna_03180__6OGF_1_AB,rna_03180,6OGF_1_5,6OGF,73,AB,train,2.4935571253951387,pass
rna_03180__6OGG_1_AB,rna_03180,6OGG_1_5,6OGG,73,AB,train,5.037744847024482,pass
rna_03182__6DTD_1_B,rna_03182,6DTD_1_C,6DTD,37,B,train,3.471056596337923,pass
rna_03183__1URN_1_B,rna_03183,1URN_1_Q,1URN,21,B,train,3.0502119831357244,pass
rna_03184__4QI2_1_G,rna_03184,4QI2_1_G,4QI2,19,G,train,2.482167058401256,pass
rna_03188__6VRC_1_B,rna_03188,6VRC_1_B,6VRC,51,B,train,7.391516152725944,pass
rna_03192__4YB0_1_B,rna_03192,4YB0_1_A,4YB0,83,B,train,2.6194655954701505,pass
rna_03194__6OPE_1_AC,rna_03194,6OPE_1_XY,6OPE,75,AC,train,5.186830424755237,pass
rna_03194__6OPE_1_X,rna_03194,6OPE_1_QY,6OPE,75,X,train,5.146400546104429,pass
rna_03195__7XSP_1_B-C,rna_03195,7XSP_1_D-A,7XSP,50,B|C,train,11.12148722142437,pass
rna_03196__7DLZ_1_E,rna_03196,7DLZ_1_X,7DLZ,45,E,train,2.7025777270917195,pass
rna_03196__7DLZ_1_F,rna_03196,7DLZ_1_Y,7DLZ,45,F,train,4.722694961922092,pass
rna_03196__7DWH_1_E,rna_03196,7DWH_1_X,7DWH,45,E,train,5.013785693816499,pass
rna_03196__7DWH_1_F,rna_03196,7DWH_1_Y,7DWH,45,F,train,4.7683467730300855,pass
rna_03197__6I7O_1_CF,rna_03197,6I7O_1_n,6I7O,76,CF,train,2.730076613684232,pass
rna_03197__6Q8Y_1_IA,rna_03197,6Q8Y_1_n,6Q8Y,76,IA,train,3.3967526949356937,pass
rna_03197__6SV4_1_BC,rna_03197,6SV4_1_n,6SV4,76,BC,train,4.3271041839835105,pass
rna_03198__1SJF_1_A,rna_03198,1SJF_1_B,1SJF,74,A,train,3.881043599022783,pass
rna_03199__8ANE_1_H,rna_03199,8ANE_1_R,8ANE,66,H,train,27.837106464989212,pass
rna_03200__4C7O_1_E,rna_03200,4C7O_1_E,4C7O,48,E,train,5.967751202436435,pass
rna_03202__1B7F_1_A,rna_03202,1B7F_1_P,1B7F,12,A,train,12.055931790593572,pass
rna_03202__1B7F_1_B,rna_03202,1B7F_1_Q,1B7F,12,B,train,5.28203079027765,pass
rna_03204__2ZH7_1_A,rna_03204,2ZH7_1_B,2ZH7,33,A,train,2.61609599777942,pass
rna_03211__5X6B_1_E,rna_03211,5X6B_1_P,5X6B,75,E,train,4.134173296923663,pass
rna_03213__7KGA_1_B,rna_03213,7KGA_1_B,7KGA,90,B,test_flex,7.20840239127986,pass
rna_03216__4JGN_1_B,rna_03216,4JGN_1_E,4JGN,20,B,train,11.807424638509614,pass
rna_03217__7YNB_1_B-C,rna_03217,7YNB_1_B-C,7YNB,66,B|C,train,13.459388504457682,pass
rna_03221__4PQV_1_A,rna_03221,4PQV_1_A,4PQV,68,A,train,7.858103357650435,pass
rna_03227__3JCS_1_F,rna_03227,3JCS_1_6,3JCS,61,F,train,14.121014639795046,pass
rna_03228__7JIL_1_Z,rna_03228,7JIL_1_3,7JIL,110,Z,train,7.182242580284235,pass
rna_03229__397D_1_A-B,rna_03229,397D_1_A-B,397D,27,A|B,train,1.7517924732288488,pass
rna_03231__6XEZ_1_G-H,rna_03231,6XEZ_1_T-P,6XEZ,70,G|H,train,3.492335729263155,pass
rna_03234__7UOB_1_E-F,rna_03234,7UOB_1_T-P,7UOB,69,E|F,train,3.946460287720318,pass
rna_03235__2C50_1_E,rna_03235,2C50_1_S,2C50,13,E,train,3.377787155951328,pass
rna_03236__7X34_1_B,rna_03236,7X34_1_3,7X34,94,B,train,23.687328789405647,pass
rna_03237__4NGF_1_E-F,rna_03237,4NGF_1_E-F,4NGF,34,E|F,train,2.681517283344775,pass
rna_03237__4NGF_1_G-H,rna_03237,4NGF_1_G-H,4NGF,34,G|H,train,2.6554099099931876,pass
rna_03238__2ASB_1_A,rna_03238,2ASB_1_B,2ASB,11,A,train,6.3719878404673,pass
rna_03240__3AVU_1_B-C,rna_03240,3AVU_1_T-G,3AVU,16,B|C,train,1.8760983052240203,pass
rna_03245__5BKN_1_IA-S,rna_03245,5BKN_1_V-WW,5BKN,16,S|IA,train,3.657451685713687,pass
rna_03245__7M3T_1_IA-S,rna_03245,7M3T_1_WW-V,7M3T,16,S|IA,train,6.305308105813852,pass
rna_03247__7WB1_1_C,rna_03247,7WB1_1_D,7WB1,121,C,train,9.89559428239274,pass
rna_03264__7WBX_1_O,rna_03264,7WBX_1_P,7WBX,16,O,train,10.056592921813106,pass
rna_03269__7XN7_1_O,rna_03269,7XN7_1_P,7XN7,19,O,train,10.940728634135295,pass
rna_03269__7XSE_1_O,rna_03269,7XSE_1_P,7XSE,19,O,train,8.191165507958342,pass
rna_03273__1HYS_1_A,rna_03273,1HYS_1_E,1HYS,23,A,train,10.807711564002913,pass
rna_03278__2IX1_1_B,rna_03278,2IX1_1_B,2IX1,13,B,train,9.655016708994012,pass
rna_03286__7XSS_1_B-C,rna_03286,7XSS_1_D-A,7XSS,54,B|C,train,15.54973781836289,pass
rna_03289__3IVK_1_E,rna_03289,3IVK_1_M,3IVK,128,E,train,3.110521324927857,pass
rna_03289__3IVK_1_F,rna_03289,3IVK_1_C,3IVK,128,F,train,3.5609404462333285,pass
rna_03293__2GJE_1_A,rna_03293,2GJE_1_R,2GJE,13,A,train,8.327323178311511,pass
rna_03294__7YNA_1_B-C,rna_03294,7YNA_1_B-C,7YNA,63,B|C,train,16.722058927413855,pass
rna_03298__2BU1_1_D,rna_03298,2BU1_1_R,2BU1,17,D,train,2.603051986278081,pass
rna_03298__2BU1_1_E,rna_03298,2BU1_1_S,2BU1,17,E,train,1.8485266190402925,pass
rna_03301__5FK5_1_A,rna_03301,5FK5_1_A,5FK5,94,A,train,5.222814405620436,pass
rna_03305__2F4T_1_A-B,rna_03305,2F4T_1_B-A,2F4T,44,A|B,train,3.727279713167711,pass
rna_03308__7Y85_1_B-C,rna_03308,7Y85_1_B-C,7Y85,59,B|C,train,17.23177955883077,pass
rna_03309__5FK1_1_A,rna_03309,5FK1_1_A,5FK1,94,A,train,5.700018181014851,pass
rna_03312__3J81_1_JA,rna_03312,3J81_1_1,3J81,74,JA,train,4.686233703168468,pass
rna_03315__2ZZM_1_B,rna_03315,2ZZM_1_B,2ZZM,84,B,train,3.6092566793682312,pass
rna_03316__3WQY_1_C,rna_03316,3WQY_1_C,3WQY,75,C,train,2.76674121473436,pass
rna_03323__7ABF_1_H,rna_03323,7ABF_1_5,7ABF,58,H,train,4.611387452585246,pass
rna_03327__6SKG_1_BA,rna_03327,6SKG_1_BB,6SKG,125,BA,train,6.432684989087949,pass
rna_03327__6TH6_1_BA,rna_03327,6TH6_1_BB,6TH6,125,BA,train,4.882311433901115,pass
rna_03332__8BD5_1_B,rna_03332,8BD5_1_B,8BD5,246,B,train,9.610021490786634,pass
rna_03336__2ATW_1_A,rna_03336,2ATW_1_B,2ATW,12,A,train,6.739760693355769,pass
rna_03336__2ATW_1_B,rna_03336,2ATW_1_D,2ATW,12,B,train,5.394834756578912,pass
rna_03337__7ONB_1_G,rna_03337,7ONB_1_H,7ONB,32,G,train,10.431367122821309,pass
rna_03340__3CJZ_1_A-B,rna_03340,3CJZ_1_A-B,3CJZ,26,A|B,train,2.325746912143579,pass
rna_03345__4GPW_1_A-B,rna_03345,4GPW_1_A-B,4GPW,44,A|B,train,3.53209384467415,pass
rna_03352__5G4V_1_A-B,rna_03352,5G4V_1_A-B,5G4V,38,A|B,val,2.00451796390491,pass
rna_03352__5G4V_1_A-E-F,rna_03352,5G4V_1_E-F,5G4V,57,A|E|F,val,6.813412370392693,pass
rna_03362__4GPY_1_A-B,rna_03362,4GPY_1_A-B,4GPY,44,A|B,train,3.7992776976482174,pass
rna_03363__4JK0_1_B,rna_03363,4JK0_1_B,4JK0,21,B,train,11.236119239407376,pass
rna_03366__5XY3_1_B,rna_03366,5XY3_1_3,5XY3,117,B,train,7.456656701600018,pass
rna_03368__8EG8_1_C,rna_03368,8EG8_1_R,8EG8,12,C,train,6.615209226429977,pass
rna_03371__7PMM_1_D,rna_03371,7PMM_1_D,7PMM,44,D,train,3.232364316839411,pass
rna_03373__1F27_1_A-B,rna_03373,1F27_1_A,1F27,30,A|B,test_struct,2.682385258980288,pass
rna_03375__3AVV_1_B-C,rna_03375,3AVV_1_T-G,3AVV,19,B|C,train,3.0248315315144163,pass
rna_03376__1AQ4_1_B,rna_03376,1AQ4_1_S,1AQ4,14,B,train,2.719402911615647,pass
rna_03381__7QWQ_1_A,rna_03381,7QWQ_1_1,7QWQ,167,A,val,11.65442580503818,pass
rna_03385__3OUY_1_C,rna_03385,3OUY_1_C,3OUY,35,C,train,2.5387142391730286,pass
rna_03385__3OUY_1_D,rna_03385,3OUY_1_D,3OUY,35,D,train,2.811443116593175,pass
rna_03385__3OVB_1_C,rna_03385,3OVB_1_C,3OVB,35,C,train,3.2970698670987826,pass
rna_03385__3OVB_1_D,rna_03385,3OVB_1_D,3OVB,35,D,train,2.7940648735606977,pass
rna_03389__8IN8_1_C,rna_03389,8IN8_1_I,8IN8,24,C,train,11.840887429921032,pass
rna_03392__7ORM_1_A,rna_03392,7ORM_1_H,7ORM,14,A,train,3.5705294043387887,pass
rna_03396__4E48_1_C,rna_03396,4E48_1_D,4E48,20,C,train,9.953058107438292,pass
rna_03397__4JNG_1_A,rna_03397,4JNG_1_L,4JNG,42,A,train,15.789919167542596,pass
rna_03397__8AXF_1_B,rna_03397,8AXF_1_Q,8AXF,42,B,train,21.360869638719038,pass
rna_03401__8FZR_1_B,rna_03401,8FZR_1_R,8FZR,77,B,train,6.158427025231695,pass
rna_03407__7XSR_1_C-D,rna_03407,7XSR_1_D-A,7XSR,49,C|D,train,13.409088561835082,pass
rna_03410__4BW0_1_A,rna_03410,4BW0_1_A,4BW0,26,A,val,1.5128405397672657,pass
rna_03419__7LYG_1_A,rna_03419,7LYG_1_A,7LYG,142,A,train,10.387088827377028,pass
rna_03420__7ZJW_1_B,rna_03420,7ZJW_1_F,7ZJW,90,B,train,5.6472030741775905,pass
rna_03422__3OIJ_1_C,rna_03422,3OIJ_1_C,3OIJ,14,C,train,2.614084061827226,pass
rna_03422__3OIJ_1_D,rna_03422,3OIJ_1_D,3OIJ,14,D,train,1.7387766083748688,pass
rna_03422__3OIN_1_C,rna_03422,3OIN_1_C,3OIN,14,C,train,2.7177207121290916,pass
rna_03425__8EJ3_1_H,rna_03425,8EJ3_1_R,8EJ3,17,H,train,17.462892616519028,pass
rna_03427__7Y9Y_1_A-B,rna_03427,7Y9Y_1_R-D,7Y9Y,61,A|B,train,12.661579066252248,pass
rna_03427__8GS2_1_A-B,rna_03427,8GS2_1_R-D,8GS2,61,A|B,train,12.13254533279149,pass
rna_03430__7EZ0_1_A,rna_03430,7EZ0_1_N,7EZ0,387,A,test_flex,6.925593761292376,pass
rna_03430__7XSN_1_A,rna_03430,7XSN_1_N,7XSN,387,A,test_flex,7.58994198660594,pass
rna_03434__1RRR_1_A-B,rna_03434,1RRR_1_A-B,1RRR,20,A|B,train,1.3679129559749716,pass
rna_03436__1G1X_1_C-D,rna_03436,1G1X_1_J-I,1G1X,85,C|D,train,3.383068837960701,pass
rna_03437__3L25_1_C-F,rna_03437,3L25_1_C-F,3L25,16,C|F,train,1.1746351285823569,pass
rna_03441__8BSJ_1_E,rna_03441,8BSJ_1_LE,8BSJ,116,E,train,5.518821865055943,pass
rna_03443__7ORI_1_A,rna_03443,7ORI_1_H,7ORI,11,A,train,2.98381379383022,pass
rna_03446__2V6W_1_A-B,rna_03446,2V6W_1_A-B,2V6W,14,A|B,train,1.6546505330021124,pass
rna_03449__5E54_1_A-B,rna_03449,5E54_1_A,5E54,133,A|B,test_struct,5.00489445783607,pass
rna_03449__5SWD_1_A-B,rna_03449,5SWD_1_A,5SWD,133,A|B,test_struct,7.701446671974035,pass
rna_03454__2XXA_1_E,rna_03454,2XXA_1_F,2XXA,102,E,train,7.311994052869183,pass
rna_03454__2XXA_1_F,rna_03454,2XXA_1_G,2XXA,102,F,train,7.079137248284387,pass
rna_03456__3PLA_1_G-H-I-J,rna_03456,3PLA_1_G-H-I-J,3PLA,87,G|H|I|J,train,12.582116533759926,pass
rna_03457__6D12_1_C,rna_03457,6D12_1_C,6D12,38,C,train,3.426299333812751,pass
rna_03459__5BKN_1_Q-X,rna_03459,5BKN_1_S-h,5BKN,12,Q|X,train,1.1131989160942226,pass
rna_03460__7D7V_1_A,rna_03460,7D7V_1_A,7D7V,57,A,test_struct,3.647833778407434,pass
rna_03461__7REX_1_A-B,rna_03461,7REX_1_B,7REX,67,A|B,train,4.64931701423721,pass
rna_03462__3TUP_1_B,rna_03462,3TUP_1_T,3TUP,74,B,train,2.9078668472104487,pass
rna_03465__7ORO_1_C-D,rna_03465,7ORO_1_T-P,7ORO,20,C|D,train,1.861164722214907,pass
rna_03467__7NHL_1_B,rna_03467,7NHL_1_D,7NHL,73,B,train,2.8435675280574695,pass
rna_03472__3AVW_1_B-C,rna_03472,3AVW_1_T-G,3AVW,20,B|C,train,2.154169509014997,pass
rna_03481__3LA5_1_A,rna_03481,3LA5_1_A,3LA5,71,A,test_struct,2.3509854849908915,pass
rna_03484__3CUL_1_B,rna_03484,3CUL_1_D,3CUL,92,B,train,4.965452010237424,pass
rna_03485__3HOZ_1_O,rna_03485,3HOZ_1_P,3HOZ,11,O,train,6.6730587519340885,pass
rna_03491__1NYI_1_A-B,rna_03491,1NYI_1_B-A,1NYI,40,A|B,train,3.3386290553860585,pass
rna_03493__5MLC_1_B,rna_03493,5MLC_1_B,5MLC,120,B,train,9.734808999851698,pass
rna_03496__7M50_1_GA-KA,rna_03496,7M50_1_TT-kk,7M50,13,GA|KA,train,4.83071503530489,pass
rna_03497__7QEP_1_C,rna_03497,7QEP_1_2,7QEP,119,C,train,6.399539295910591,pass
rna_03500__5F8N_1_B-C,rna_03500,5F8N_1_B-C,5F8N,17,B|C,train,1.440653292248822,pass
rna_03507__7ORK_1_B-C,rna_03507,7ORK_1_H-T,7ORK,35,B|C,train,8.616732677231468,pass
rna_03507__7ORN_1_B-C,rna_03507,7ORN_1_H-T,7ORN,35,B|C,train,7.867248911760495,pass
rna_03516__4M59_1_C,rna_03516,4M59_1_D,4M59,18,C,train,6.955070172475407,pass
rna_03516__4OE1_1_C,rna_03516,4OE1_1_D,4OE1,18,C,train,7.020190432822269,pass
rna_03521__7BGE_1_A,rna_03521,7BGE_1_a,7BGE,465,A,train,12.382083120044662,pass
rna_03523__7O7Z_1_I,rna_03523,7O7Z_1_AH,7O7Z,95,I,test_flex,16.388815504232326,pass
rna_03524__3JB9_1_C,rna_03524,3JB9_1_C,3JB9,105,C,test_flex,13.830328682741515,pass
rna_03526__7OF1_1_C,rna_03526,7OF1_1_3,7OF1,43,C,train,2.908377387667701,pass
rna_03527__6XQB_1_E-F,rna_03527,6XQB_1_F-E,6XQB,15,E|F,train,1.1083222873789382,pass
rna_03529__1F1T_1_A,rna_03529,1F1T_1_A,1F1T,38,A,train,4.42154777243104,pass
rna_03530__1JBT_1_A,rna_03530,1JBT_1_C,1JBT,29,A,guard,1.687364297446165,pass
rna_03530__1JBT_1_B,rna_03530,1JBT_1_D,1JBT,29,B,guard,2.034797246066307,pass
rna_03531__8DFO_1_L,rna_03531,8DFO_1_L,8DFO,45,L,val,20.631682718008204,pass
rna_03535__6SX2_1_C-D,rna_03535,6SX2_1_C-D,6SX2,38,C|D,train,2.5704249519664715,pass
rna_03536__6Q97_1_HB,rna_03536,6Q97_1_7,6Q97,77,HB,train,4.820669837169352,pass
rna_03538__7UVT_1_A,rna_03538,7UVT_1_A,7UVT,386,A,test_flex,9.37202053415381,pass
rna_03542__2G5K_1_A-B,rna_03542,2G5K_1_A-B,2G5K,44,A|B,train,4.523573172619162,pass
rna_03542__5XZ1_1_A-B,rna_03542,5XZ1_1_A-B,5XZ1,44,A|B,train,4.40397655537697,pass
rna_03542__5XZ1_1_C-D,rna_03542,5XZ1_1_C-D,5XZ1,44,C|D,train,3.6402371012055403,pass
rna_03548__5LZD_1_W,rna_03548,5LZD_1_x,5LZD,48,W,train,19.39924018259315,pass
rna_03553__4GPX_1_A-B,rna_03553,4GPX_1_A-B,4GPX,42,A|B,train,5.092537612296729,pass
rna_03554__5Y6Z_1_B-C,rna_03554,5Y6Z_1_B-C,5Y6Z,27,B|C,train,3.4930321039500876,pass
rna_03555__3NMU_1_D-I,rna_03555,3NMU_1_D-I,3NMU,47,D|I,train,6.959506850712332,pass
rna_03556__7MRL_1_B,rna_03556,7MRL_1_A,7MRL,75,B,train,2.921003305109399,pass
rna_03558__2QK9_1_A,rna_03558,2QK9_1_B,2QK9,18,A,train,11.976433900835195,pass
rna_03560__4V5H_1_V,rna_03560,4V5H_1_AV,4V5H,77,V,train,4.230327314027762,pass
rna_03562__1ZFX_1_A-B-C-D,rna_03562,1ZFX_1_D-C-A-B,1ZFX,61,A|B|C|D,test_struct,3.3879207633130615,pass
rna_03563__7ED5_1_E-F,rna_03563,7ED5_1_J-I,7ED5,44,E|F,train,3.3356909645818176,pass
rna_03564__3AVY_1_B-C,rna_03564,3AVY_1_T-G,3AVY,22,B|C,train,4.173453966212793,pass
rna_03571__1EHT_3_A,rna_03571,1EHT_3_A,1EHT,33,A,train,3.175841540309167,pass
rna_03571__1O15_1_A,rna_03571,1O15_1_A,1O15,33,A,train,3.4354766635542124,pass
rna_03574__8APN_1_DD,rna_03574,8APN_1_C1,8APN,73,DD,train,4.203756217625001,pass
rna_03579__7ORM_1_B-C,rna_03579,7ORM_1_P-T,7ORM,26,B|C,train,4.4562619884551555,pass
rna_03581__7CXM_1_E-F,rna_03581,7CXM_1_J-I,7CXM,51,E|F,guard,3.6435780619141562,pass
rna_03581__7CXN_1_E-F,rna_03581,7CXN_1_J-I,7CXN,51,E|F,train,3.315033721056332,pass
rna_03585__7UZW_1_H,rna_03585,7UZW_1_G,7UZW,31,H,train,17.09969170354195,pass
rna_03590__4KQY_1_A,rna_03590,4KQY_1_A,4KQY,119,A,train,4.931432597112269,pass
rna_03594__6ZMO_1_FC,rna_03594,6ZMO_1_CB,6ZMO,87,FC,train,8.875806320570112,pass
rna_03596__5WT1_1_B,rna_03596,5WT1_1_C,5WT1,67,B,train,3.7427614291804656,pass
rna_03599__6LU0_1_B,rna_03599,6LU0_1_B,6LU0,33,B,train,11.482923295616738,pass
rna_03606__7ZHG_1_EA,rna_03606,7ZHG_1_4,7ZHG,19,EA,train,1.5090707272474333,pass
rna_03607__4B3M_1_V-W,rna_03607,4B3M_1_Z-W,4B3M,22,V|W,train,1.9163930130087738,pass
rna_03608__6YYM_1_B,rna_03608,6YYM_1_B,6YYM,12,B,train,7.434180586406645,pass
rna_03609__2C51_1_E,rna_03609,2C51_1_S,2C51,13,E,train,3.5146676559379513,pass
rna_03610__2B2E_1_B,rna_03610,2B2E_1_S,2B2E,14,B,train,2.499858702031341,pass
rna_03614__2GIS_1_A,rna_03614,2GIS_1_A,2GIS,94,A,train,3.230728920323985,pass
rna_03624__5Z1I_1_A,rna_03624,5Z1I_1_A,5Z1I,21,A,train,9.660988854884422,pass
rna_03625__2BS1_1_E,rna_03625,2BS1_1_S,2BS1,11,E,train,2.05881240428096,pass
rna_03626__4NH3_1_B,rna_03626,4NH3_1_B,4NH3,13,B,train,6.309304836578842,pass
rna_03627__6RM3_1_B,rna_03627,6RM3_1_L70,6RM3,118,B,train,7.27777063916744,pass
rna_03629__5CD1_1_F,rna_03629,5CD1_1_N,5CD1,76,F,train,9.45425738513373,pass
rna_03631__2ZH2_1_A,rna_03631,2ZH2_1_B,2ZH2,34,A,train,2.378562770449021,pass
rna_03633__8EEX_1_C,rna_03633,8EEX_1_C,8EEX,36,C,train,24.64866091278027,pass
rna_03637__413D_1_A,rna_03637,413D_1_A,413D,13,A,train,5.723379247586628,pass
rna_03638__6BJS_1_C,rna_03638,6BJS_1_R,6BJS,11,C,train,5.301327494309369,pass
rna_03639__353D_1_A-B,rna_03639,353D_1_A-B,353D,24,A|B,train,1.9692423695379357,pass
rna_03640__4JRT_1_A-B,rna_03640,4JRT_1_A-B,4JRT,24,A|B,train,1.8689342187429008,pass
rna_03646__7R9G_1_B,rna_03646,7R9G_1_B,7R9G,12,B,train,5.217570908389936,pass
rna_03647__7W0C_1_C-D,rna_03647,7W0C_1_D-C,7W0C,72,C|D,train,4.265774712930077,pass
rna_03650__6VRB_1_A,rna_03650,6VRB_1_B,6VRB,52,A,train,17.645776125555383,pass
rna_03654__7ORO_1_A-B,rna_03654,7ORO_1_H-S,7ORO,28,A|B,train,11.968263269161643,pass
rna_03656__5G4T_1_A-B,rna_03656,5G4T_1_A-B,5G4T,19,A|B,val,1.0501125516730463,pass
rna_03664__7AAP_1_E-F,rna_03664,7AAP_1_T-P,7AAP,21,E|F,train,3.020908287714188,pass
rna_03669__5BKL_1_Q-X,rna_03669,5BKL_1_h-S,5BKL,14,Q|X,train,1.2967844301252875,pass
rna_03671__1NTB_1_A-B,rna_03671,1NTB_1_A-B,1NTB,40,A|B,train,2.1962354838454186,pass
rna_03672__3AM1_1_B,rna_03672,3AM1_1_B,3AM1,81,B,train,3.3222378024445325,pass
rna_03674__4GG4_1_C,rna_03674,4GG4_1_H,4GG4,16,C,train,7.4601327012167244,pass
rna_03676__3AVX_1_B-C,rna_03676,3AVX_1_T-G,3AVX,22,B|C,train,1.865836462486983,pass
rna_03680__7V6C_1_C-D,rna_03680,7V6C_1_F-E,7V6C,12,C|D,train,1.5190674761070018,pass
rna_03681__5OA3_1_B,rna_03681,5OA3_1_1,5OA3,75,B,train,3.396460211234544,pass
rna_03682__7VG2_1_B-C,rna_03682,7VG2_1_D-C,7VG2,71,B|C,train,4.233627023404388,pass
rna_03684__7RDX_1_G-H,rna_03684,7RDX_1_T-P,7RDX,80,G|H,train,9.412984584271003,pass
rna_03685__6DCL_1_C,rna_03685,6DCL_1_C,6DCL,11,C,train,11.106749453987481,pass
rna_03688__8DO6_1_D-E,rna_03688,8DO6_1_I-J,8DO6,61,D|E,train,16.457221679554713,pass
rna_03691__2PJP_1_A,rna_03691,2PJP_1_B,2PJP,23,A,train,2.109738028118052,pass
rna_03692__8HSG_1_G,rna_03692,8HSG_1_R,8HSG,12,G,train,5.044273196454391,pass
rna_03694__8E29_1_B,rna_03694,8E29_1_B,8E29,33,B,train,12.088932701023799,pass
rna_03697__2DRB_1_A,rna_03697,2DRB_1_B,2DRB,35,A,train,2.7520471725227864,pass
rna_03701__1IBL_1_C-D,rna_03701,1IBL_1_Y-Z,1IBL,19,C|D,train,1.6442044984701614,pass
rna_03703__7Y2B_1_A,rna_03703,7Y2B_1_S,7Y2B,13,A,train,9.435565598480622,pass
rna_03708__6QN3_1_A-B,rna_03708,6QN3_1_A-B,6QN3,100,A|B,train,5.387967991910398,pass
rna_03710__1RPU_1_A-B,rna_03710,1RPU_1_C-D,1RPU,42,A|B,train,4.11669018683445,pass
rna_03711__5F8L_1_B-C,rna_03711,5F8L_1_B-C,5F8L,22,B|C,train,1.7877518848084282,pass
rna_03718__8C6J_1_C,rna_03718,8C6J_1_5,8C6J,113,C,val,19.46068216811095,pass
rna_03720__8BUU_1_T,rna_03720,8BUU_1_V,8BUU,73,T,train,2.7127245311397936,pass
rna_03721__7NSJ_1_OC,rna_03721,7NSJ_1_AY,7NSJ,71,OC,test_flex,11.760071363519284,pass
rna_03724__2G9C_1_A,rna_03724,2G9C_1_A,2G9C,67,A,test_struct,3.1789842944333335,pass
rna_03724__3GES_1_A,rna_03724,3GES_1_A,3GES,67,A,test_struct,3.5942372628898864,pass
rna_03724__3GOT_1_A,rna_03724,3GOT_1_A,3GOT,67,A,test_struct,3.437240980579215,pass
rna_03725__7B3D_1_D-E,rna_03725,7B3D_1_T-P,7B3D,22,D|E,train,1.8354039640156594,pass
rna_03725__7OYG_1_D-E,rna_03725,7OYG_1_T-P,7OYG,22,D|E,train,2.33558636959817,pass
rna_03725__7OYG_1_I-J,rna_03725,7OYG_1_H-G,7OYG,22,I|J,train,1.8215596014476725,pass
rna_03726__8FIX_1_G,rna_03726,8FIX_1_R,8FIX,11,G,train,5.7930281520927505,pass
rna_03731__8GNA_1_B-C,rna_03731,8GNA_1_C-J,8GNA,49,B|C,train,13.328131419656327,pass
rna_03738__5MGA_1_B,rna_03738,5MGA_1_B,5MGA,40,B,train,15.905881286831825,pass
rna_03740__7YG8_1_A-B-C,rna_03740,7YG8_1_N,7YG8,395,A|B|C,test_flex,7.255450453862251,pass
rna_03744__7M50_1_P-W,rna_03744,7M50_1_e-P,7M50,19,P|W,train,6.788199351297583,pass
rna_03746__5FK4_1_A,rna_03746,5FK4_1_A,5FK4,93,A,train,3.5128303337814213,pass
rna_03747__7M5O_1_B,rna_03747,7M5O_1_B,7M5O,37,B,train,10.269780137413246,pass
rna_03749__5T7V_1_O,rna_03749,5T7V_1_C,5T7V,114,O,train,8.888743278046439,pass
rna_03751__7DFG_1_A-B,rna_03751,7DFG_1_T-P,7DFG,28,A|B,train,6.222216073554298,pass
rna_03752__3ADI_1_D-E,rna_03752,3ADI_1_D-E,3ADI,20,D|E,train,1.5643425371116504,pass
rna_03753__8BHF_1_JA,rna_03753,8BHF_1_21,8BHF,76,JA,train,5.434759377175366,pass
rna_03755__4L81_1_A,rna_03755,4L81_1_A,4L81,96,A,train,4.4064349382655745,pass
rna_03758__6KUR_1_D-E,rna_03758,6KUR_1_V-R,6KUR,28,D|E,train,6.668128180558045,pass
rna_03761__6CYT_1_E,rna_03761,6CYT_1_N,6CYT,17,E,train,5.244646174207511,pass
rna_03762__3WC2_1_F,rna_03762,3WC2_1_Q,3WC2,73,F,train,4.7720175112276735,pass
rna_03763__1U0B_1_A,rna_03763,1U0B_1_A,1U0B,74,A,train,5.729245428137236,pass
rna_03766__7BAH_1_C-D,rna_03766,7BAH_1_C-D,7BAH,24,C|D,train,1.4679104724615242,pass
rna_03767__7KX9_1_B-C,rna_03767,7KX9_1_B-C,7KX9,40,B|C,train,8.31764692585699,pass
rna_03770__2VUQ_1_A-B,rna_03770,2VUQ_1_A-B,2VUQ,14,A|B,train,1.0572982398697337,pass
rna_03775__3FO4_1_A,rna_03775,3FO4_1_A,3FO4,63,A,test_struct,2.2741179551418598,pass
rna_03781__8AKN_1_EA,rna_03781,8AKN_1_Z,8AKN,76,EA,train,9.699380265130117,pass
rna_03785__1HR2_1_A-B,rna_03785,1HR2_1_A,1HR2,315,A|B,test_struct,8.695349598523094,pass
rna_03787__8CAM_1_F,rna_03787,8CAM_1_b,8CAM,34,F,train,2.6588643729923036,pass
rna_03791__8FR8_1_BB-C,rna_03791,8FR8_1_E,8FR8,95,C|BB,train,13.773169602577859,pass
rna_03793__1IBM_1_C-D,rna_03793,1IBM_1_Y-Z,1IBM,15,C|D,train,1.5485339324410874,pass
rna_03797__2IZ8_1_D,rna_03797,2IZ8_1_R,2IZ8,16,D,train,3.0256112703805296,pass
rna_03801__7VG3_1_B-C,rna_03801,7VG3_1_D-C,7VG3,62,B|C,train,4.451346463055965,pass
rna_03813__4M30_1_C-D,rna_03813,4M30_1_C,4M30,54,C|D,train,10.77186501515427,pass
rna_03813__4M30_1_D,rna_03813,4M30_1_D,4M30,27,D,train,2.1898927362798633,pass
rna_03814__7NHM_1_YA,rna_03814,7NHM_1_D,7NHM,77,YA,train,3.642538937885316,pass
rna_03820__4P3E_1_A,rna_03820,4P3E_1_A,4P3E,124,A,train,4.353428394199546,pass
rna_03822__5F8M_1_B-C,rna_03822,5F8M_1_B-C,5F8M,22,B|C,train,3.8838133675465505,pass
rna_03825__3KTV_1_A,rna_03825,3KTV_1_A,3KTV,108,A,train,3.9342315742710934,pass
rna_03835__4YVI_1_C,rna_03835,4YVI_1_C,4YVI,71,C,train,2.7790905866232505,pass
rna_03844__1VC6_1_A,rna_03844,1VC6_1_B,1VC6,72,A,train,3.613148484198332,pass
rna_03846__7LYF_1_A,rna_03846,7LYF_1_A,7LYF,139,A,train,11.339326507038379,pass
rna_03847__1MZP_1_A,rna_03847,1MZP_1_B,1MZP,55,A,train,1.5702271259009517,pass
rna_03849__4J39_1_B,rna_03849,4J39_1_B,4J39,19,B,train,8.185191772586451,pass
rna_03850__8FZT_1_C,rna_03850,8FZT_1_B,8FZT,69,C,val,29.369312163740346,pass
rna_03857__8EOE_1_I,rna_03857,8EOE_1_R,8EOE,15,I,train,7.122245621853487,pass
rna_03858__6R7G_1_N,rna_03858,6R7G_1_R,6R7G,69,N,test_flex,29.86307306118357,pass
rna_03864__6AHU_1_M,rna_03864,6AHU_1_T,6AHU,72,M,train,2.8652361376996645,pass
rna_03866__6KUT_1_D-E,rna_03866,6KUT_1_V-R,6KUT,27,D|E,train,7.796422395862477,pass
rna_03866__6KUU_1_D-E,rna_03866,6KUU_1_V-R,6KUU,27,D|E,train,6.564994114849065,pass
rna_03869__5WZI_1_B,rna_03869,5WZI_1_B,5WZI,11,B,train,7.09107306591359,pass
rna_03874__4PY5_1_B,rna_03874,4PY5_1_B,4PY5,19,B,train,9.713987249314046,pass
rna_03875__5JBJ_1_B-C,rna_03875,5JBJ_1_X-Y,5JBJ,24,B|C,train,1.5840252167438733,pass
rna_03879__1RLG_1_A-B__repeat01,rna_03879,1RLG_1_D,1RLG,50,A|B,train,6.856409936278215,pass
rna_03879__1RLG_1_A-B__repeat02,rna_03879,1RLG_1_C,1RLG,50,A|B,train,5.223789233340253,pass
rna_03882__2PXF_1_A,rna_03882,2PXF_1_B,2PXF,49,A,train,4.386762075249761,pass
rna_03884__1BR3_1_A,rna_03884,1BR3_1_A,1BR3,13,A,train,7.501523702366753,pass
rna_03885__2AO5_1_A-B,rna_03885,2AO5_1_A-B,2AO5,20,A|B,train,1.4822277310482566,pass
rna_03885__2AO5_1_C-D,rna_03885,2AO5_1_C-D,2AO5,20,C|D,train,1.5551015869565619,pass
rna_03886__7EAF_1_A,rna_03886,7EAF_1_A,7EAF,94,A,train,4.2963602721770995,pass
rna_03888__6MDZ_1_C-E,rna_03888,6MDZ_1_E-C,6MDZ,43,C|E,train,4.445456252700904,pass
rna_03892__6DU5_1_B,rna_03892,6DU5_1_B,6DU5,25,B,train,3.7313157315416325,pass
rna_03893__2PXB_1_A,rna_03893,2PXB_1_B,2PXB,49,A,train,5.580057292618809,pass
rna_03907__4WRT_1_A-B,rna_03907,4WRT_1_V-R,4WRT,29,A|B,train,11.338879198364097,pass
rna_03913__8P4C_1_N,rna_03913,8P4C_1_P,8P4C,17,N,train,7.968910852978813,pass
rna_03915__7XD6_1_A,rna_03915,7XD6_1_N,7XD6,434,A,test_flex,8.330666212889293,pass
rna_03919__4FSJ_1_G,rna_03919,4FSJ_1_R,4FSJ,14,G,train,8.190508139588877,pass
rna_03922__6AR5_1_B,rna_03922,6AR5_1_B,6AR5,14,B,train,9.077317274968507,pass
rna_03923__3P49_1_A,rna_03923,3P49_1_A,3P49,169,A,train,5.9566752200384165,pass
rna_03925__4V5A_1_BC-ZB,rna_03925,4V5A_1_CV-CX,4V5A,28,ZB|BC,train,5.454183729771658,pass
rna_03925__4V5A_1_V-X,rna_03925,4V5A_1_AV-AX,4V5A,28,V|X,train,3.2630497277824664,pass
rna_03929__7XG1_1_H,rna_03929,7XG1_1_H,7XG1,27,H,train,11.469497304199912,pass
rna_03935__7MKT_1_A,rna_03935,7MKT_1_A,7MKT,23,A,train,2.9101220601134568,pass
rna_03939__6SZU_1_D-E,rna_03939,6SZU_1_V-M,6SZU,54,D|E,test_flex,16.925119285645525,pass
rna_03942__6FQ3_1_B,rna_03942,6FQ3_1_B,6FQ3,13,B,train,1.8507381585392282,pass
rna_03943__7ORJ_1_B-C,rna_03943,7ORJ_1_H-T,7ORJ,34,B|C,train,10.42252784065862,pass
rna_03944__2BX2_1_B,rna_03944,2BX2_1_R,2BX2,14,B,train,7.387758146640417,pass
rna_03946__8FJL_1_O-P,rna_03946,8FJL_1_a5-b5,8FJL,56,O|P,train,3.2622593410001577,pass
rna_03947__2EEU_1_A,rna_03947,2EEU_1_A,2EEU,67,A,test_struct,3.369544184164025,pass
rna_03950__7KJU_1_A,rna_03950,7KJU_1_A,7KJU,77,A,train,2.9419973594530333,pass
rna_03952__5F8J_1_B-C,rna_03952,5F8J_1_B-C,5F8J,23,B|C,train,2.7559405131317334,pass
rna_03958__5DV7_1_A-B,rna_03958,5DV7_1_A-B,5DV7,36,A|B,train,2.679200692124706,pass
rna_03963__4HKQ_1_B,rna_03963,4HKQ_1_E,4HKQ,16,B,train,8.162568097601275,pass
rna_03966__8E28_1_B,rna_03966,8E28_1_C,8E28,15,B,train,9.572247137888384,pass
rna_03967__3ND3_1_A,rna_03967,3ND3_1_A,3ND3,16,A,train,7.667134316248303,pass
rna_03968__7A9X_1_B,rna_03968,7A9X_1_B,7A9X,13,B,train,6.535499110120593,pass
rna_03974__4NGG_1_B,rna_03974,4NGG_1_B,4NGG,13,B,train,7.040799218418035,pass
rna_03978__6VPC_1_A,rna_03978,6VPC_1_A,6VPC,81,A,train,13.699585787241265,pass
rna_03980__8HF0_1_F-G,rna_03980,8HF0_1_N-P,8HF0,97,F|G,train,6.9284920021252,pass
rna_03981__4NGC_1_B,rna_03981,4NGC_1_B,4NGC,12,B,train,5.858202624264637,pass
rna_03982__7DOK_1_A-B,rna_03982,7DOK_1_T-P,7DOK,44,A|B,train,3.3831982438369934,pass
rna_03983__1ZEV_1_A-B,rna_03983,1ZEV_1_A-B,1ZEV,36,A|B,train,2.846054513831535,pass
rna_03983__3GM7_1_A-B,rna_03983,3GM7_1_G-H,3GM7,36,A|B,train,4.8646937489032585,pass
rna_03988__7VW3_1_B,rna_03988,7VW3_1_B,7VW3,104,B,test_flex,21.51416794174144,pass
rna_03991__4OQU_1_A,rna_03991,4OQU_1_A,4OQU,97,A,train,3.5214034820447018,pass
rna_03992__5BKL_1_T-Z,rna_03992,5BKL_1_m-X,5BKL,17,T|Z,train,1.9185405459671732,pass
rna_03993__4V6I_1_HC,rna_03993,4V6I_1_DC,4V6I,118,HC,train,9.496741460101632,pass
rna_03998__2ZHB_1_A,rna_03998,2ZHB_1_B,2ZHB,34,A,train,2.6718328477316513,pass
rna_03999__420D_1_A-B,rna_03999,420D_1_A-B,420D,32,A|B,train,1.9307874627834665,pass
rna_04002__7ECP_1_A-B-C-D,rna_04002,7ECP_1_A-B,7ECP,48,A|B|C|D,val,3.8334897253945424,pass
rna_04002__7ECP_1_A-C-D,rna_04002,7ECP_1_C-D,7ECP,36,A|C|D,val,18.152154389679534,pass
rna_04003__7QIY_1_O-P,rna_04003,7QIY_1_Q-R,7QIY,17,O|P,train,4.574339348094515,pass
rna_04003__7QIZ_1_GB-HB,rna_04003,7QIZ_1_aA-bA,7QIZ,17,GB|HB,train,1.2150870242736695,pass
rna_04004__2PXV_1_A,rna_04004,2PXV_1_B,2PXV,49,A,train,3.9210102956205213,pass
rna_04005__7UQ6_1_A,rna_04005,7UQ6_1_B,7UQ6,85,A,train,4.523515470083766,pass
rna_04011__3PU0_1_F,rna_04011,3PU0_1_R,3PU0,45,F,train,16.905235576592485,pass
rna_04012__4A36_1_C-D-E-F,rna_04012,4A36_1_R-S,4A36,74,C|D|E|F,train,9.599804190498501,pass
rna_04015__6RA4_1_C-D,rna_04015,6RA4_1_L-M,6RA4,18,C|D,train,3.6745035170916673,pass
rna_04021__7TJ2_1_G-H,rna_04021,7TJ2_1_G-H,7TJ2,62,G|H,train,4.726035250649836,pass
rna_04025__1DFU_1_A-B,rna_04025,1DFU_1_M-N,1DFU,38,A|B,train,3.2061063788863344,pass
rna_04030__6O5F_1_C-D,rna_04030,6O5F_1_D-C,6O5F,47,C|D,train,3.0066390694336973,pass
rna_04032__2D2K_1_A-B-C-D,rna_04032,2D2K_1_D-C-A-B,2D2K,61,A|B|C|D,test_struct,2.79193750713984,pass
rna_04033__7UNC_1_P,rna_04033,7UNC_1_P,7UNC,16,P,train,12.470155351759171,pass
rna_04035__7EDU_1_A-B-C,rna_04035,7EDU_1_A-B,7EDU,36,A|B|C,train,6.489123843944103,pass
rna_04035__7EDU_1_A-C-D,rna_04035,7EDU_1_C-D,7EDU,36,A|C|D,train,6.99070719716829,pass
rna_04041__2Y95_1_A,rna_04041,2Y95_1_A,2Y95,14,A,train,2.4487824793657236,pass
rna_04045__4PHY_1_A-B,rna_04045,4PHY_1_A-B,4PHY,46,A|B,train,3.105138463093505,pass
rna_04047__5HR6_1_D,rna_04047,5HR6_1_D,5HR6,66,D,train,2.9611780058489137,pass
rna_04048__6HCT_1_A-B-E-F,rna_04048,6HCT_1_A-B,6HCT,57,A|B|E|F,train,5.336628216877256,pass
rna_04051__1EUY_1_A,rna_04051,1EUY_1_B,1EUY,73,A,train,4.369122761096504,pass
rna_04054__5FKH_1_A,rna_04054,5FKH_1_A,5FKH,94,A,train,3.154087246805498,pass
rna_04059__4KJI_1_C,rna_04059,4KJI_1_C,4KJI,16,C,train,1.4945703122187193,pass
rna_04059__4KJI_1_D,rna_04059,4KJI_1_D,4KJI,16,D,train,2.0794873301505974,pass
rna_04060__7YGD_1_A-B-C,rna_04060,7YGD_1_N,7YGD,389,A|B|C,test_flex,6.953659847408129,pass
rna_04061__2DR2_1_A,rna_04061,2DR2_1_B,2DR2,75,A,train,8.16926479708593,pass
rna_04065__2C50_1_D,rna_04065,2C50_1_R,2C50,14,D,train,2.865462006458341,pass
rna_04066__4PWD_1_F,rna_04066,4PWD_1_E,4PWD,20,F,val,8.59794322718954,pass
rna_04067__7XSQ_1_C,rna_04067,7XSQ_1_D,7XSQ,34,C,train,21.55663349085083,pass
rna_04071__8I54_1_B,rna_04071,8I54_1_B,8I54,33,B,train,12.890579202641947,pass
rna_04073__7M50_1_IA-S,rna_04073,7M50_1_WW-V,7M50,17,S|IA,train,4.056142870478538,pass
rna_04075__6OMV_1_E,rna_04075,6OMV_1_G,6OMV,29,E,train,9.601374315916985,pass
rna_04076__6WJR_1_A,rna_04076,6WJR_1_X,6WJR,111,A,train,4.005967670517856,pass
rna_04080__8AF0_1_A-B,rna_04080,8AF0_1_C-D,8AF0,38,A|B,train,2.8125880429482817,pass
rna_04081__2BS0_1_D,rna_04081,2BS0_1_R,2BS0,12,D,train,1.4617802285799206,pass
rna_04082__6UFM_1_B,rna_04082,6UFM_1_B,6UFM,98,B,val,3.816668029062438,pass
rna_04083__8E79_1_I,rna_04083,8E79_1_R,8E79,36,I,train,6.81944827001935,pass
rna_04084__2L1V_1_A,rna_04084,2L1V_1_A,2L1V,36,A,train,3.5532574924167224,pass
rna_04087__5XON_1_M,rna_04087,5XON_1_P,5XON,16,M,train,9.210734256991312,pass
rna_04089__6AZ1_1_KA,rna_04089,6AZ1_1_4,6AZ1,76,KA,train,5.2068778889859555,pass
rna_04093__1RNA_1_A-B,rna_04093,1RNA_1_A-B,1RNA,28,A|B,train,1.8094776679847986,pass
rna_04094__8GU6_1_C-D,rna_04094,8GU6_1_C-J,8GU6,50,C|D,train,15.927096988710058,pass
rna_04099__3JBU_1_YA,rna_04099,3JBU_1_X,3JBU,11,YA,train,7.17433747424167,pass
rna_04106__2ESI_1_A-B,rna_04106,2ESI_1_A-B,2ESI,44,A|B,train,5.002063658320668,pass
rna_04107__4QI2_1_F,rna_04107,4QI2_1_F,4QI2,18,F,train,2.395174436942625,pass
rna_04107__4QI2_1_H,rna_04107,4QI2_1_H,4QI2,18,H,train,2.9027771534651574,pass
rna_04108__7R81_1_C,rna_04108,7R81_1_B1,7R81,120,C,train,5.015274643870169,pass
rna_04111__5HR6_1_B,rna_04111,5HR6_1_C,5HR6,68,B,train,3.30089569217737,pass
rna_04112__7QR4_1_B,rna_04112,7QR4_1_B,7QR4,69,B,train,5.488591329375726,pass
rna_04114__3W3S_1_B,rna_04114,3W3S_1_B,3W3S,98,B,train,3.959741657345329,pass
rna_04118__1EUQ_1_A,rna_04118,1EUQ_1_B,1EUQ,72,A,train,4.362187431373817,pass
rna_04122__3OG8_1_C-D,rna_04122,3OG8_1_C-D,3OG8,28,C|D,train,1.7718433555572848,pass
rna_04123__7N0C_1_C-D,rna_04123,7N0C_1_T-D,7N0C,49,C|D,train,4.392742911630926,pass
rna_04127__8H2H_1_B,rna_04127,8H2H_1_B,8H2H,12,B,train,7.035933906439239,pass
rna_04128__6D8M_1_A-B,rna_04128,6D8M_1_A,6D8M,317,A|B,test_struct,6.530258818472127,pass
rna_04135_U__6SIC_1_FA,rna_04135_U,6SIC_1_U,6SIC,42,FA,train,24.112279576605687,pass
rna_04135_V__6SIC_1_GA,rna_04135_V,6SIC_1_V,6SIC,48,GA,train,20.724953938742157,pass
rna_04139__6W5C_1_E,rna_04139,6W5C_1_B,6W5C,50,E,train,16.093384039774364,pass
rna_04140__6SWE_1_N,rna_04140,6SWE_1_4,6SWE,18,N,train,1.9132854324230666,pass
rna_04141__7WWV_1_I,rna_04141,7WWV_1_M,7WWV,39,I,test_flex,19.40454339760625,pass
rna_04142__1LNG_1_A,rna_04142,1LNG_1_B,1LNG,97,A,train,3.1385757544050423,pass
rna_04146__2NUF_1_A-B__repeat01,rna_04146,2NUF_1_D,2NUF,56,A|B,train,3.001885507185991,pass
rna_04146__2NUF_1_A-B__repeat02,rna_04146,2NUF_1_C,2NUF,56,A|B,train,3.6515988354489473,pass
rna_04149__3R2D_1_E-F,rna_04149,3R2D_1_R-S,3R2D,20,E|F,train,1.9813759441244965,pass
rna_04156__5O5J_1_V,rna_04156,5O5J_1_W,5O5J,19,V,train,2.588287561028768,pass
rna_04158__7XT4_1_B-D,rna_04158,7XT4_1_r-a,7XT4,55,B|D,train,13.27679999516475,pass
rna_04161__7DOI_1_D-E,rna_04161,7DOI_1_T-P,7DOI,27,D|E,train,2.552193127285251,pass
rna_04162__2RFK_1_A-B-C,rna_04162,2RFK_1_E-D-F,2RFK,61,A|B|C,train,3.968870505738849,pass
rna_04169__6LSG_1_B-C,rna_04169,6LSG_1_B-C,6LSG,18,B|C,train,2.454648126330144,pass
rna_04174__1Y27_1_A,rna_04174,1Y27_1_X,1Y27,66,A,test_struct,1.977576807677853,pass
rna_04177__8A40_1_N,rna_04177,8A40_1_P,8A40,14,N,train,7.313819800886009,pass
rna_04178__7QQ3_1_B,rna_04178,7QQ3_1_J,7QQ3,118,B,train,6.434148271380639,pass
rna_04181__6MSF_1_A,rna_04181,6MSF_1_R,6MSF,14,A,train,2.330707378815957,pass
rna_04183__4PUO_1_F,rna_04183,4PUO_1_E,4PUO,19,F,val,7.647164992242424,pass
rna_04184__7QTL_1_E-F,rna_04184,7QTL_1_M-R,7QTL,31,E|F,train,6.88993182570437,pass
rna_04188__7KHA_1_L,rna_04188,7KHA_1_J,7KHA,45,L,val,22.269008077007296,pass
rna_04204__7ASE_1_B,rna_04204,7ASE_1_1,7ASE,75,B,train,3.2562411788382737,pass
rna_04205__7N0B_1_C-D,rna_04205,7N0B_1_T-D,7N0B,39,C|D,train,3.6163792772698353,pass
rna_04209__8C4V_1_D-E,rna_04209,8C4V_1_T-P,8C4V,21,D|E,train,2.189371043414546,pass
rna_04210__1TFW_1_C-D,rna_04210,1TFW_1_I-F,1TFW,25,C|D,train,2.2841653092578715,pass
rna_04216__7LYT_1_B,rna_04216,7LYT_1_B,7LYT,39,B,train,18.722016625085367,pass
rna_04217__7UU5_1_C-D,rna_04217,7UU5_1_M-N,7UU5,22,C|D,train,3.378375250524214,pass
rna_04220__4ILL_1_D,rna_04220,4ILL_1_C,4ILL,17,D,train,4.387949613151947,pass
rna_04222__5T2A_1_D,rna_04222,5T2A_1_D,5T2A,119,D,train,4.996097603038552,pass
